reviewId,userName,content,score,thumbsUpCount,at,replyContent,repliedAt,appVersion,platform,package_name,rating,author,updated
c26d35e8-c37e-4784-a982-4763eec5f9a3,김지훈,"지금까지 엔카에서 판매 한 번 이번까지 구매 2번해봤네요. 미미한 애로사항은 있었으나 신경쓰일 정도는 아니었고 무엇보다 차량 상태가 고지된 바와 동일하게 좋았기에 너무나도 만족합니다. 이번에는 엔카믿고 이용해서 구매했는데, 타보고 최종 결정한다는게 참 매력있네요. 중고차 구매 후 실패확률이 확 줄어듭니다.",5,1,2025-11-18 10:48:04,,,7.4.3,Android,com.encar.encarMobileApp,5,김지훈,2025-11-18 10:48:04
285c96f4-ef1e-4979-85f0-19c2d9224756,jaram HEO,"엔카는 검증된 매물만 올라와서 믿고 이용할 수 있어요. 매물 종류도 다양해서 선택의 폭이 넓고, 앱도 직관적이라 원하는 차량을 빠르게 찾을 수 있어서 만족합니다. 특히 비교견적 기능으로 판매 시에도 합리적인 가격을 바로 확인할 수 있어 편리하네요.",5,0,2025-11-17 12:38:20,,,5.3.2,Android,com.encar.encarMobileApp,5,jaram HEO,2025-11-17 12:38:20
150b6fac-3317-4452-abda-ae18e7c3b76b,당근,휴대전화 인증이 안됩니다... 휴대폰 번호 아무리 입력해도 문자가 안와요,1,0,2025-11-16 11:12:15,,,,Android,com.encar.encarMobileApp,1,당근,2025-11-16 11:12:15
a04f97c5-08ac-4ebd-ba70-887b35c9437b,이윤희,엔카는내가한번도사용해보지않았지만왠지믿음이가서선태함,4,0,2025-11-16 01:53:49,,,7.4.3,Android,com.encar.encarMobileApp,4,이윤희,2025-11-16 01:53:49
495ac269-2616-4291-bbeb-404988824ac9,박현근,제일 중요한게 렌트 이력인데 그걸 제일 위에 적어놔야지. 애매하게 중간쯤에 스크롤해야 보이도록 인터페이스를 구성해놓은게 너무 역겹다. 렌트회사에 돈받아 쳐잡수셨나,1,1,2025-11-15 03:30:57,,,7.4.3,Android,com.encar.encarMobileApp,1,박현근,2025-11-15 03:30:57
9cec7b6d-c38f-49e3-b6e3-785d4d5db1e8,Hjjoo Fox,사용중인 차량을 판매하고 원하는 중고차로 구매하기 위해서 비교견적을 받아봤어요. 앱 설치하고 바로 사용하기 편했고 등록 후 견적도 빠른 시간안에 받을 수 있어서 결정하는 데 도움이 되었답니다. 매물도 다양하고 UI도 깔끔해서 구매할 때도 활용하기 좋을 것 같아요.,5,1,2025-11-12 11:54:29,,,7.4.3,Android,com.encar.encarMobileApp,5,Hjjoo Fox,2025-11-12 11:54:29
1315f506-4b8b-4999-acac-780e58442f70,김남두,다른업체비해 가격차이가 높네요,2,0,2025-11-05 13:20:17,,,7.4.2,Android,com.encar.encarMobileApp,2,김남두,2025-11-05 13:20:17
fc57a4bc-df40-4b90-a3bb-32c782f0a8b0,아예음오아예,아니 계약중이면 게시물을 쳐내리던가 9999라고 해놔서 쓸데없이 보기 불편한데 이런거 제재안해요? 그리고 뒤로가기 누르면 바로 꺼져야지 왜 광고에서는 ㄱ빡치게 몇초간 뒤로가기 안먹히게 해놔요. 요즘 신뢰 문제도 많던데 이런거때매 엔카 어플 켜기가 시름.,2,4,2025-11-04 23:42:54,,,7.4.2,Android,com.encar.encarMobileApp,2,아예음오아예,2025-11-04 23:42:54
2131aec0-d4e6-4f47-85b4-741b658e73d0,SY C,조건 저장 먹통....,1,1,2025-10-31 13:03:34,,,7.4.2,Android,com.encar.encarMobileApp,1,SY C,2025-10-31 13:03:34
59a67b72-7e3e-49f2-9281-8ad1aec6c473,JI LEE,"실제로 엔카통해서 차량도 많이 구매 했고 좋은데 앱에서 복수 체크 검색은 안되는건가요? (예시, SUV 카테고리에서 BMW 쉐보레 링컨등 복수 선택)",5,0,2025-10-27 07:18:51,,,7.3.9,Android,com.encar.encarMobileApp,5,JI LEE,2025-10-27 07:18:51
52eea30b-07c7-464d-ad23-4b1219c354ec,사람사는세상,좋은값에 내차를 팔자,5,0,2025-10-21 13:49:18,,,7.0.7,Android,com.encar.encarMobileApp,5,사람사는세상,2025-10-21 13:49:18
21d6e33a-22f5-48fd-b06d-23914945cb14,김대훈,똑같다. 딜러들은 어텋게든 깍으려고 하기 때문에 다른 플렛폼 보다 가격을 더 쳐주진 않았다.,1,0,2025-10-19 08:15:50,,,7.3.7,Android,com.encar.encarMobileApp,1,김대훈,2025-10-19 08:15:50
2fad68d8-0d05-4d32-b6b1-d89b7cfbcf84,aster bang,렌트 이력 필터를 왜 안넣는지 이해가 안됨,1,1,2025-10-14 07:35:44,,,7.3.6,Android,com.encar.encarMobileApp,1,aster bang,2025-10-14 07:35:44
9c9b5350-09c7-45cd-8a30-87817f9d9833,Jaeshik Sohn (Jason),다크모드좀 추가해주세요,4,0,2025-10-13 23:01:59,,,7.3.6,Android,com.encar.encarMobileApp,4,Jaeshik Sohn (Jason),2025-10-13 23:01:59
88b146d2-174f-4519-9fe7-acb6f5b6e042,G.T. KWON,열때마다 업데이트야 ㅡㅡ,1,0,2025-10-13 22:59:51,,,7.3.4,Android,com.encar.encarMobileApp,1,G.T. KWON,2025-10-13 22:59:51
94921a4c-5ee4-4aab-9f92-e08e9f4722c2,세피김,좋아요 중고차구입시 필수앱,5,0,2025-10-07 23:12:21,,,7.3.6,Android,com.encar.encarMobileApp,5,세피김,2025-10-07 23:12:21
fae7dfed-ee6d-4b20-97bf-68987af8e7e2,Ca thu,쓰기 개불편함 중복차량만 보여줌 이럴꺼면 차라리 kb차차차 인터페이스 편해서 그거본다 ㅡㅡ,2,1,2025-10-06 18:56:12,,,7.3.6,Android,com.encar.encarMobileApp,2,Ca thu,2025-10-06 18:56:12
e3538a7a-0e1e-41ef-9707-d37c9d784008,김재혁,너무좋아요 ㅎ,5,0,2025-10-02 21:46:41,,,7.3.6,Android,com.encar.encarMobileApp,5,김재혁,2025-10-02 21:46:41
62467335-df93-4959-97db-b8583f859ecd,이진석,엔카믿고? 엔카믿거,1,0,2025-10-01 17:00:32,,,7.3.5,Android,com.encar.encarMobileApp,1,이진석,2025-10-01 17:00:32
adddb748-d82c-4fcf-b77a-c16add4d7b92,성이름,허구헌날 업데이트함. 업데이트하기 귀찮으니까 작작좀 해라,1,0,2025-09-29 17:19:03,,,7.3.5,Android,com.encar.encarMobileApp,1,성이름,2025-09-29 17:19:03
7a174df2-dd63-4552-ad5e-c89b5adc72bf,dfg,중복된 동일 상품이 왜케 많은거에요,2,0,2025-09-28 15:11:44,,,7.2.9,Android,com.encar.encarMobileApp,2,dfg,2025-09-28 15:11:44
c4cbb568-3137-4800-af8b-94d3090826ac,김창덕,너무 믿음이좋다,5,0,2025-09-27 20:24:45,,,7.3.5,Android,com.encar.encarMobileApp,5,김창덕,2025-09-27 20:24:45
f57af1ad-6dad-4247-bba3-e38759b7fbb6,권민철,좋아요,5,0,2025-09-27 13:58:12,,,7.3.4,Android,com.encar.encarMobileApp,5,권민철,2025-09-27 13:58:12
e040a6c6-df0e-4283-bce8-8405fe5ead37,정승,여기서 차사고 이틀 뒤에 엔진 경고등 들어왔습니다. 차사지 마세요,1,0,2025-09-26 08:51:50,"안녕하세요, 고객님. 엔카닷컴입니다.
이용에 불편을 드려 대단히 죄송합니다.
저희 엔카닷컴은 허위 매물이 없는 중고차 플랫폼을 만들기 위해 ‘클린엔카’ 전담팀이 다양한 정책과 방법을 통해 철저하게 관리하고 있습니다.
허위 매물로 의심되는 차량이 있다면, 인증 아이디로 로그인하신 후 신고 접수해 주시기 바랍니다. 접수해 주신 내용은 담당 부서에서 확인 후 신속히 처리하겠습니다.
신뢰할 수 있는 중고차 플랫폼이 될 수 있도록 더욱 노력하겠습니다. 감사합니다.
※ 앱 사용 중 문의 사항이나 불편 사항은 대표전화(1599-5455) 또는 앱 내 [앱 불편 신고]를 통해 접수해 주시면 빠르게 도움드리겠습니다. ※",2025-10-13 16:14:21,7.3.5,Android,com.encar.encarMobileApp,1,정승,2025-09-26 08:51:50
93966c67-68d6-4244-8ccb-a593bf3d8c0f,이도훈,한눈에 보기도 편하고 넘 좋와요.,4,0,2025-09-25 14:49:35,,,7.3.4,Android,com.encar.encarMobileApp,4,이도훈,2025-09-25 14:49:35
ff31f71e-0892-4967-b340-5218d3cd69e8,Melato,옵션 검색기능에 해당 옵션이 없는 차량만 검색하는 기능도 넣어주셨으면 좋겠습니다. 예를 들면 썬루프 없는 차량만 검색할 수 있도록요.,4,1,2025-09-25 10:28:35,,,7.3.5,Android,com.encar.encarMobileApp,4,Melato,2025-09-25 10:28:35
eb6a9a15-9917-499a-ab9b-8cd60027486f,투덜이,언제 매물이 나왔는지 날짜를 볼수 있었으면 좋겠습니다,5,0,2025-09-22 14:49:47,,,6.9.4,Android,com.encar.encarMobileApp,5,투덜이,2025-09-22 14:49:47
6dce5682-f7ad-408e-81f6-c92b175c7e87,김홍성,좋아요,5,0,2025-09-14 14:51:46,,,7.1.6,Android,com.encar.encarMobileApp,5,김홍성,2025-09-14 14:51:46
f3479198-2b7f-41dc-9564-aa6418213d27,캉캉미캉,로그인 화면에서 구글 선택 시 앱이 아예 멈춰버리는 문제 아직도 해결 안됐습니다. 업데이트도 해보고 앱도 재설치 해봤습니다. 신속히 해결 부탁드립니다.,1,0,2025-09-12 06:41:29,"안녕하세요, 고객님. 엔카닷컴입니다.
현재 해당 현상은 원인 파악 중에 있습니다. 보다 신속한 확인을 위해 고객님의 기기, 앱 실행 시점 등의 추가 정보가 필요합니다.
번거로우시겠지만, 대표전화(1599-5455)로 연락해 주시면 보다 빠르게 도움드릴 수 있도록 하겠습니다.",2025-10-13 15:50:17,7.3.3,Android,com.encar.encarMobileApp,1,캉캉미캉,2025-09-12 06:41:29
a0e658b1-892a-4275-8126-3ccf6cec56fd,박유준,차 찾아보면 행복함,5,0,2025-09-11 16:36:20,,,7.3.3,Android,com.encar.encarMobileApp,5,박유준,2025-09-11 16:36:20
45ba0743-c198-44ba-a873-6ee54c71515e,이남윤,ㄱ키ㄲㆍㄲㅣ끼ㅣㅣㅣㅣ ㅣㄲ ㅣㄲ 지금 a킼 키ㅣ끼키키끼 키ㅣ끼키키끼a2ㅋ 그거 ㄱㅋ,1,0,2025-09-08 20:39:14,,,,Android,com.encar.encarMobileApp,1,이남윤,2025-09-08 20:39:14
98f46016-1dc3-4cdd-8458-67341535391a,임성윤,딜러용 진단평가예약완료후 초기화면으로갈수있는 버튼하나만 만들어주세요 매번 앱 재실행을해야합니다ㅜㅜ,5,2,2025-09-02 14:20:43,,,7.3.0,Android,com.encar.encarMobileApp,5,임성윤,2025-09-02 14:20:43
46cf86b0-46f7-4612-bdf8-83369f2201c3,한종혁,하루에도 엔카를 수도 없이 많이 들어갑니다. 그런데 다른 매물을 보려고 뒤로가기를 하면 홈 화면으로 돌아가면서 Sorting방식이 초기화 됩니다. 간헐적 이라기엔 빈도수가 많긴 한데 Session 다중화 방식 중 문제가 있는 것으로 의심되는데 이 점이 해결된다면 엔카라이프가 더 행복해질 것 같네용,5,139,2025-09-01 08:22:26,,,7.3.0,Android,com.encar.encarMobileApp,5,한종혁,2025-09-01 08:22:26
3a03565c-35a7-4add-84b0-b06bfda4fbef,이냐옹,강제업데이트좀 그마안...,1,0,2025-08-31 13:59:28,"안녕하세요, 고객님. 엔카닷컴입니다.
먼저, 이용에 불편을 드린 점 진심으로 사과드립니다.
더욱 안정적인 서비스 제공을 위해 앱의 업데이트가 필요할 수 있습니다.
고객님의 너그러운 양해 부탁드리며,앞으로도 더 나은 이용 환경을 제공할 수 있도록 노력하겠습니다.

※ 앱 사용 중 문의사항이나 불편 사항이 있으실 경우 대표전화(1599-5455) 또는 앱 내 앱 불편 신고를 통해 접수해 주시면 신속하게 도움드리겠습니다. ※",2025-09-04 14:54:19,7.2.6,Android,com.encar.encarMobileApp,1,이냐옹,2025-08-31 13:59:28
cba4e9e0-9aa5-48b7-ba33-f3e403930793,선종호,된장국 ㅣㅣㆍㅈ듲ㅈ,4,0,2025-08-30 04:04:47,,,,Android,com.encar.encarMobileApp,4,선종호,2025-08-30 04:04:47
ea05ce6d-d271-4c48-8bc4-bf4649e2a216,남김정복,좋아요 거지같은 허위의 물 좀 안나왔으면 좋겠네요,5,0,2025-08-24 05:25:47,,,,Android,com.encar.encarMobileApp,5,남김정복,2025-08-24 05:25:47
8dba1ac0-8cb1-4259-9611-6ff057ed485a,임소정,차량검수자가 바보인가? 차를 팔려고 검수자가 나와서하고 갔는데 차를 완전 사고차로 만들었네요... 견적보고 깜짝놀라서보니 어의없네요 파는차가 이런데 사는차는 괜찮은건가요?,1,0,2025-08-23 03:43:44,"안녕하세요, 고객님. 엔카닷컴입니다.
차량 검수는 차량의 실제 상태를 기준으로 전문가에 의해 객관적으로 진행되며, 해당 리포트를 바탕으로 딜러분들이 입찰을 진행하게 됩니다.
이 과정에서 예상보다 낮은 견적이 산출될 수 있는 점 양해 부탁드립니다.
추가로 엔카에서 구매하시는 차량은 걱정하지 않으셔도 됩니다.
‘엔카진단’ 차량은 진단마스터가 직접 사고 유무, 등급, 옵션까지 엄격하게 진단한 차량입니다.
또한, 허위 매물이 없는 중고차 플랫폼을 만들기 위해 ‘클린엔카’ 전담팀이 철저하게 관리하고 있습니다.
더욱 신뢰할 수 있는 중고차 플랫폼이 되도록 최선을 다하겠습니다.

*비교견적 대표전화 : 070-7467-1900",2025-09-04 14:53:54,7.2.9,Android,com.encar.encarMobileApp,1,임소정,2025-08-23 03:43:44
59fa0655-6651-4aa2-88da-d397538e1cd4,김상수,사고 무사고 필터 없애니까 개답답 시간 낭비함,1,0,2025-08-23 01:41:31,"안녕하세요, 고객님. 엔카닷컴입니다.
무사고 차량은 ‘엔카진단’ 필터를 사용하여 쉽게 검색하실 수 있습니다.
‘엔카진단’은 20년 이상의 노하우와 전문 진단 마스터가 사고 유무, 등급, 옵션까지 엄격하게 진단한 차량입니다. 프레임(주요골격)에 손상이 없는 차량만 등록되며, 구매 후 진단 결과에 오류가 있을 경우 보상 정책도 운영하고 있어 안심하고 이용하실 수 있습니다.
엔카와 함께 언제나 안전하고 신뢰할 수 있는 중고차 거래가 되시길 바랍니다.
※ 앱 사용 중 문의사항이나 불편 사항이 있으시면 대표전화(1599-5455) 또는 앱 내 앱 불편 신고 기능을 통해 접수해 주시면 신속히 확인하여 도와드리겠습니다. ※",2025-09-04 14:52:19,,Android,com.encar.encarMobileApp,1,김상수,2025-08-23 01:41:31
f4c72b95-d713-4d1d-aae3-2c7b8c2b049e,안용환,매물검색시 동일매물이 중복으로 나타나는거 매우 불편합니다,4,0,2025-08-22 19:36:34,,,7.2.9,Android,com.encar.encarMobileApp,4,안용환,2025-08-22 19:36:34
3e698108-5d14-41dc-9064-3d5a34743ff5,Kite Kim,솔직히 사용이력있는차는 거를수잇는 검색조건있어야하는데,1,0,2025-08-22 16:17:06,"안녕하세요, 고객님. 엔카닷컴입니다.
고객님의 소중한 의견은 관련 부서에 전달하여 향후 서비스 개선에 참고하겠습니다.
이용에 불편이 없도록 고객님의 목소리에 항상 귀 기울이며 앞으로도 발전하는 엔카닷컴이 되겠습니다.
감사합니다.
※ 앱 사용 중 문의사항이나 불편 사항이 있으시면 대표전화(1599-5455) 또는 앱 내 앱 불편 신고 기능을 통해 접수해 주시면 신속하게 도움드리겠습니다. ※",2025-09-04 14:51:12,7.2.8,Android,com.encar.encarMobileApp,1,Kite Kim,2025-08-22 16:17:06
2d7cd3d6-fe2c-4d3f-83e3-57005959b5c2,꾸꾸까까,갤럭시 왜 데이터 오류뜸? 로그인도 안되네 갤럭시업데이트를 못 쫓아오는거임 아님 어플자체가 지금 문제가 있는거임? 차량 종류도 안떠요 로그인도 안되고,1,0,2025-08-18 08:53:25,"안녕하세요, 고객님. 엔카닷컴입니다.
이용에 불편을 드려 진심으로 죄송합니다.

현재 해당 현상은 원인 파악 중에 있으며, 보다 신속한 확인을 위해 아래와 같은 정보가 필요합니다.
- 네트워크 환경(LTE/5G/Wi-Fi)
- 오류 발생 경로(예: 앱 실행 직후, 차량 검색 이후 등)
 번거로우시겠지만, 위 내용을 대표전화(1599-5455) 또는 앱 내 [앱 불편 신고]를 통해 접수해 주시면 더욱 빠르게 도움드릴 수 있도록 하겠습니다. 감사합니다.",2025-09-04 14:50:50,7.2.8,Android,com.encar.encarMobileApp,1,꾸꾸까까,2025-08-18 08:53:25
3865b481-5998-428c-ab94-4a59dbd18c70,리치,데이터로딩오류 수정좀,1,0,2025-08-10 17:11:15,"안녕하세요, 고객님. 엔카닷컴입니다.
이용에 불편을 드려 진심으로 죄송합니다.

현재 해당 현상은 원인 파악 중에 있으며, 보다 신속한 확인을 위해 아래와 같은 정보가 필요합니다.
- 네트워크 환경(LTE/5G/Wi-Fi)
- 오류 발생 경로(예: 앱 실행 직후, 차량 검색 이후 등)
 번거로우시겠지만, 위 내용을 대표전화(1599-5455) 또는 앱 내 [앱 불편 신고]를 통해 접수해 주시면 더욱 빠르게 도움드릴 수 있도록 하겠습니다.
감사합니다.",2025-09-04 14:49:37,,Android,com.encar.encarMobileApp,1,리치,2025-08-10 17:11:15
16063b2c-c5de-48ad-a8a3-6755b684fa09,정대활,엔카에서 차량구매 후 피해본 사람입니다.사기친 중고차 딜러가 있어요 어찌하나요?,1,0,2025-08-08 22:49:27,"안녕하세요, 고객님. 엔카닷컴입니다.
이용에 불편을 드려 대단히 죄송합니다.
저희 엔카닷컴은 허위 매물이 없는 중고차 플랫폼을 만들기 위해 ‘클린엔카’ 전담팀이 다양한 정책과 방법을 통해 철저하게 관리하고 있습니다.
만약 차량 거래 과정에서 피해를 입으셨다면, 인증 아이디로 로그인하신 후 신고 접수해 주시기 바랍니다.
접수해 주신 내용은 담당 부서에서 확인 후 신속히 처리하겠습니다.
앞으로 신뢰할 수 있는 중고차 플랫폼이 될 수 있도록 노력하겠습니다.
※ 앱 사용 중 문의 사항이나 불편 사항은 대표전화(1599-5455) 또는 앱 내 [앱 불편 신고]를 통해 접수해 주시면 신속하게 도움 드리겠습니다. ※",2025-08-14 15:20:52,7.2.7,Android,com.encar.encarMobileApp,1,정대활,2025-08-08 22:49:27
0a993053-406a-48e0-805d-9bf46f3dc521,김성용,좋아요,5,0,2025-08-07 08:46:11,,,7.2.6,Android,com.encar.encarMobileApp,5,김성용,2025-08-07 08:46:11
13e3923c-2cce-4aa8-ba65-4ab2b2867dcc,LUGY,다 좋은데 국산차에서 N이나 GT도 따로 분류해주면 좋겠어요.. 수백대의 차 중에서 일일이 스크롤 내리면서 찾으면 살 마음도 없어질듯,4,1,2025-08-06 18:57:29,,,7.2.6,Android,com.encar.encarMobileApp,4,LUGY,2025-08-06 18:57:29
624fdefb-1a76-41bc-aa9d-212fd1ceaee4,성배박,좋아요~,5,0,2025-08-06 10:59:13,,,7.2.5,Android,com.encar.encarMobileApp,5,성배박,2025-08-06 10:59:13
840911a7-4be2-4ce9-8d6e-727bde876665,최상국,좋아요,5,0,2025-08-05 15:50:09,,,7.2.1,Android,com.encar.encarMobileApp,5,최상국,2025-08-05 15:50:09
40a93c14-877b-4ab0-bb12-2b42c4545a81,이현,"ᆞ9 ᄌᄃ6 ᄎᄐ ᄎ9 ᄌ66 ᄄ6 ᄌ69 ᆢ ᄎ, ᄂᄃ ᄌ5 Kim Tae-ho Ah, really 6 ᄌ",1,0,2025-08-04 14:13:22,,,7.0.9,Android,com.encar.encarMobileApp,1,이현,2025-08-04 14:13:22
f8f03305-1605-4cce-bf4c-82653375fcab,SungGi Mun,인터페이스가 편리함,5,0,2025-07-31 10:23:45,,,7.2.4,Android,com.encar.encarMobileApp,5,SungGi Mun,2025-07-31 10:23:45
1c872fd6-5eb1-4697-bf9c-f7012a4fae5f,나의꿈키타인생,조명발로 사기치는 매장 잘 걸르시길 외판 내판 흠집있는것도 어디 어디 있다고 모두 자세히 빠짐없이 올려야합니다. 흠집사진 의무적으로 올려야합니다. 조명발에 속지않도록 소비자들 보호해야합니다. 흠집사진 있는데로 사진 올리는것 의무화 시급히 추진해야 합니다.,5,2,2025-07-30 16:16:13,,,7.2.4,Android,com.encar.encarMobileApp,5,나의꿈키타인생,2025-07-30 16:16:13
2071354e-cea7-4389-8f95-7992926c37b9,윤명기,사고 있는차도 전부 무사고차라고 하네,1,1,2025-07-30 15:44:00,"안녕하세요, 고객님. 엔카닷컴입니다.
이용에 불편을 드려 대단히 죄송합니다.
저희 엔카닷컴은 허위 매물이 없는 중고차 플랫폼을 만들기 위해 ‘클린엔카’ 전담팀이 다양한 정책과 방법을 통해 철저하게 관리하고 있습니다.
만약 허위 매물로 의심되는 차량이 있다면, 인증 아이디로 로그인하신 후 신고 접수해 주시기 바랍니다.
접수해 주신 내용은 담당 부서에서 확인 후 신속히 처리하겠습니다.
앞으로도 신뢰할 수 있는 중고차 플랫폼이 될 수 있도록 더욱 노력하겠습니다.
감사합니다.
※ 앱 사용 중 문의 사항이나 불편 사항은 대표전화(1599-5455) 또는 앱 내 [앱 불편 신고]를 통해 접수해 주시면 빠르게 도움드리겠습니다. ※",2025-08-06 11:11:28,7.2.1,Android,com.encar.encarMobileApp,1,윤명기,2025-07-30 15:44:00
bc9c6da8-adbd-49d2-bb01-15c2d127755a,JH K,구매계산기에 딜러수수료니 관리비니 보증료니 하는 이유로 현장에서 딜러들리 붙일려는 항목들이 전혀 나와있지 않음. 현장가면 무슨 근거로 얼마를 부를지 알 수가 없는 앱.,1,0,2025-07-27 04:00:09,"안녕하세요, 고객님. 엔카닷컴입니다.
현재 해당 기능은 실제 거래 시 발생할 수 있는 다양한 비용 정보를 보다 명확히 안내해드릴 수 있도록 개선 중입니다.
다만, 차량 거래 시 발생하는 각종 수수료는 등록 지역과 시점에 따라 달라질 수 있으므로, 정확한 예상 금액 안내가 어려운 점 양해 부탁드립니다.
엔카닷컴에서 제공하는 구매 예상 비용은 참고용으로만 활용해주시고,
실제 거래 전에는 반드시 충분한 상담을 통해 정확한 비용을 확인해주시기 바랍니다.
앞으로도 더 나은 서비스 제공을 위해 최선을 다하겠습니다.
감사합니다.

※ 대표전화: 1599-5455",2025-07-28 15:25:39,7.2.3,Android,com.encar.encarMobileApp,1,JH K,2025-07-27 04:00:09
4cf0a218-9916-4738-a769-6dff3d872ad8,김수민,실제로 우리집 똥차 보내는데 다른 딜러가 폐차값만나올거 같다고 60얘기한거 엔카에선 딜러들이 최소 150~200까지 다양하게부름 오히려 그러다보니 믿음이가고 엔카딜러를 굳이 만나지않아도 되서 엔카 전담 기사님이 오시고 바로 해결도했음 그냥 차량수거기사님이 불친절하긴했지만 중고차 살때 다시보려함,5,14,2025-07-26 08:29:49,,,7.2.3,Android,com.encar.encarMobileApp,5,김수민,2025-07-26 08:29:49
9140c781-7861-49d0-a2af-2e8e445985be,이원규,신속한 차량정보 공유 및 입찰이 마음에 들었습니다.,4,0,2025-07-25 09:03:45,,,7.2.1,Android,com.encar.encarMobileApp,4,이원규,2025-07-25 09:03:45
335b42a4-a822-4aad-b260-7a513b802892,Nan Arayoo,갤럭시 21 업데이트 했는데 데이터로딩실패라고 뜨고 아무것도 안됨 어플 지우고 다시깔아도 마찬가지입니다,2,3,2025-07-24 15:16:41,"안녕하세요, 고객님. 엔카닷컴입니다.
이용에 불편을 드려 진심으로 죄송합니다.
현재 해당 현상은 원인 파악 중에 있으며, 보다 신속한 확인을 위해 아래와 같은 정보가 필요합니다.
- 네트워크 환경(LTE/5G/Wi-Fi)
- 오류 발생 경로(예: 앱 실행 직후, 차량 검색 이후 등)
번거로우시겠지만, 위 내용을 대표전화(1599-5455) 또는 앱 내 [앱 불편 신고]를 통해 접수해 주시면 더욱 빠르게 도움드릴 수 있도록 하겠습니다.
감사합니다.",2025-07-30 14:12:53,7.2.3,Android,com.encar.encarMobileApp,2,Nan Arayoo,2025-07-24 15:16:41
9fc1d053-b564-4ae1-accc-355c21c13567,진해성,실제 딜러와의 협상도 중요하겠지만 실시간 빠른 응답률과 시스템 아주 만족합니다,5,0,2025-07-24 07:16:07,,,7.2.3,Android,com.encar.encarMobileApp,5,진해성,2025-07-24 07:16:07
0e753e2b-0b4d-45e1-8c15-dc70bbf3acd6,해풍,우선 편하네요,5,0,2025-07-22 20:05:23,,,7.2.1,Android,com.encar.encarMobileApp,5,해풍,2025-07-22 20:05:23
89f87da0-9436-42c4-9a6e-ab71aee94613,H Kim,구글로그인이 앱에서는 왜 안되죠? 개인정보 개털린 sk가 이러니 의심부터 하게 되네요,1,0,2025-07-21 00:42:37,"안녕하세요, 고객님. 엔카닷컴입니다.
먼저, 이용에 불편을 드린 점 진심으로 사과드립니다.
해당 현상은 현재 수정 조치되어 구글 로그인이 정상적으로 가능합니다.
일시적인 오류로 인해 불편을 끼쳐 드려 대단히 죄송합니다.
또한, 현재 엔카닷컴의 최대 주주는 카세일즈이며 SK와는 관련이 없음을 안내드립니다.
감사합니다.

※ 앱 사용 중 문의사항이나 불편 사항은 대표전화(1599-5455) 또는 앱 내 [앱 불편 신고]를 통해 접수해 주시면 신속하게 도움드리겠습니다. ※",2025-07-28 15:22:50,7.2.1,Android,com.encar.encarMobileApp,1,H Kim,2025-07-21 00:42:37
34bb9677-b37c-4869-862f-b817bda0c0c8,J Triple,엔카는거르세요제발..사기업체임.결제까지 다했는데 다음날5시반까지 아무조치없다가 6시 2분남기고 연락 실화인가요..환불도 오래걸리고 심각한 사고차량을 엔카믿고진단이라고 문제없다하니 절대 사지마세요..이런업체가영업을 한다는게 문제네요,1,1,2025-07-18 17:59:24,"안녕하세요, 고객님. 엔카닷컴입니다.
이용에 불편을 드려 대단히 죄송합니다.
저희 엔카닷컴은 허위매물 없는 중고차 플랫폼을 만들기 위해 ‘클린엔카’ 전담팀이 다양한 정책과 방법을 통해 철저하게 관리하고 있습니다.
만약 ‘진단’ 차량 정보에 문제가 있었다면, 정확한 확인과 신속한 처리를 위해 번거로우시겠지만 대표전화(1599-5455)로 연락해 주시면 담당 부서에서 확인 후 안내드리겠습니다.
앞으로도 신뢰할 수 있는 중고차 플랫폼이 될 수 있도록 더욱 노력하겠습니다.
감사합니다.",2025-07-30 11:05:25,7.2.0,Android,com.encar.encarMobileApp,1,J Triple,2025-07-18 17:59:24
5fcc524f-3e5b-420d-8e26-7680914b0ff9,황창석,추천 합니다.,5,0,2025-07-15 17:07:35,,,7.2.0,Android,com.encar.encarMobileApp,5,황창석,2025-07-15 17:07:35
fa7d5a77-aa31-47d0-91f5-137bf5d1f8be,권오종,좋아요 모든지 다빠르네요,5,0,2025-07-13 12:48:21,,,7.2.0,Android,com.encar.encarMobileApp,5,권오종,2025-07-13 12:48:21
cfd0d42e-27e8-4a14-8c34-076b1f3381d4,DO KIM,엔카에서 중고로 산 지 일년정도 됐는데요. 엔카에서 확인했다고 해서 믿었었는데요. 솔직히 대충 다 이상없음으로 서로 해 주는 거 아닌가 모르겠네요. 차에 대해 잘 몰라서 엔카 통해서 산 건데요. 수리비는 둘째 치고 점검도 제대로 안된 것 같은데 다 잘 된 것처럼 하는 것 같은 느낌입니다.,2,48,2025-07-10 09:38:05,,,7.2.0,Android,com.encar.encarMobileApp,2,DO KIM,2025-07-10 09:38:05
fd12ad08-8a3a-44c6-8089-1b2c05ed43b7,그곳에서,차량 분류해서 검색하는 기능에 도대체 왜 렌트이력 있는 차량 거르는 기능이 없는거죠? 사람들이 많이 원할법한 기능인데 생각 못하셨나요? 아니면 의도적으로 팔아먹으려고 안넣는건가요? 당장 그 기능을 만들어주세요,4,2,2025-07-04 16:44:17,,,,Android,com.encar.encarMobileApp,4,그곳에서,2025-07-04 16:44:17
725b4516-11ef-4154-a453-d5762b5de838,DongHyuk Kim,렌트와 보험 이력 유무도 선택해서 검색할 수 있게 해주세요. 하나하나 선택해서 보려니 신속 정확한 구매가 어렵습니다.,4,51,2025-07-04 02:24:08,,,7.1.9,Android,com.encar.encarMobileApp,4,DongHyuk Kim,2025-07-04 02:24:08
95178132-7ac1-4617-849a-34c9b319f3be,차충현,고급오디오가 옵션에 표시되면 좋겠어요. 특히 준신형을 볼때는 중요한 부분인데,3,1,2025-07-02 04:36:36,,,7.1.8,Android,com.encar.encarMobileApp,3,차충현,2025-07-02 04:36:36
8ca9edd2-9f18-488e-b292-3bb401f5b82f,김광수,내차 시세를 발품팔지 않고 빨리 알고 판단할수있어 좋네요,5,0,2025-07-01 09:30:37,,,7.1.7,Android,com.encar.encarMobileApp,5,김광수,2025-07-01 09:30:37
f967efba-8c0d-44fa-a072-68a9880ebe38,김동욱,굿,5,0,2025-06-30 09:27:14,,,7.1.7,Android,com.encar.encarMobileApp,5,김동욱,2025-06-30 09:27:14
26424b98-5f87-498d-8a93-58512580e3e4,구경민,좋아요,5,0,2025-06-28 10:14:17,,,7.1.6,Android,com.encar.encarMobileApp,5,구경민,2025-06-28 10:14:17
2add06da-b901-4b6c-9cf3-62c2f898271e,권순범,최고,5,0,2025-06-23 12:18:28,,,7.1.6,Android,com.encar.encarMobileApp,5,권순범,2025-06-23 12:18:28
f5eea604-be24-40ed-9afb-1bc86d6e8687,박과장,거짓말 싸이트,1,0,2025-06-21 13:38:44,,,7.1.6,Android,com.encar.encarMobileApp,1,박과장,2025-06-21 13:38:44
d77497b1-9efa-498c-b1e0-9e20d4098108,E D Seo,좋아요좋아,5,0,2025-06-20 12:58:42,,,7.1.6,Android,com.encar.encarMobileApp,5,E D Seo,2025-06-20 12:58:42
5480249a-32c4-4791-99d8-d68a77aa82b5,이무영,좋아요,5,0,2025-06-18 07:38:59,,,7.1.5,Android,com.encar.encarMobileApp,5,이무영,2025-06-18 07:38:59
1121be87-4e09-4230-881c-6de5f5200f9a,이광열,굿,5,0,2025-06-14 12:52:30,,,7.0.5,Android,com.encar.encarMobileApp,5,이광열,2025-06-14 12:52:30
56612fec-7572-4404-ae87-a180c7bb2f23,S샥스핀,엔카 들어가면 국산차 말고는 수입차 매물이 거의 없음 몇개말고는 폴쉐 진짜 거의 없음 벤츠도 거으 없고 망한싸이트,1,1,2025-06-04 19:24:24,"안녕하세요. 엔카닷컴 입니다. 이용에 불편을 드려 죄송합니다. 현재 엔카에는 수입차 5만여대, 그 중 벤츠 1.3만대, 포르쉐 2,300여대가 등록되어 있습니다.
혹시 검색화면 우상단에 '조건기억'이 체크되어 있을 수 있습니다. 체크를 해제하신 후 좌하단에 '초기화' 버튼을 누르신 후 이용 해보시길 권해드립니다. 감사합니다.",2025-06-09 09:38:19,7.1.3,Android,com.encar.encarMobileApp,1,S샥스핀,2025-06-04 19:24:24
90c36130-4aa6-48d1-a08d-09393f4a3e21,갓팅어,사기 딜러있는 플렛폼 이제 여기도 한물갔구나,1,0,2025-06-04 01:57:32,안녕하세요. 엔카닷컴 입니다. 이용에 불편을 드려 죄송합니다. 어떤 일이 있으셨는지 고객센터(1599-5455)를 통해 말씀해주시면 조속히 문제를 처리하겠습니다. 감사합니다.,2025-06-09 09:39:23,7.0.9,Android,com.encar.encarMobileApp,1,갓팅어,2025-06-04 01:57:32
53203349-51dc-4a74-9528-28268a9cdc3a,지미집,좋아요,4,0,2025-06-02 21:54:29,,,7.1.3,Android,com.encar.encarMobileApp,4,지미집,2025-06-02 21:54:29
3079036e-edaa-469e-aef3-29c8feba96fa,서문종,좋은가격?,3,0,2025-06-01 13:53:45,,,7.1.3,Android,com.encar.encarMobileApp,3,서문종,2025-06-01 13:53:45
c3bbf4a9-3179-464a-8750-a5819e7390eb,김아무개,책임자가 아무도 없음. 개판 상담원도 개판 고객센터도 개판 이러니 안되지!!,1,0,2025-05-29 13:41:59,안녕하세요. 엔카닷컴 입니다. 불편을 겪게 해드려 죄송합니다. 앞으로 더욱 발전하도록 노력하겠습니다.,2025-05-30 15:55:25,,Android,com.encar.encarMobileApp,1,김아무개,2025-05-29 13:41:59
bae91455-fc12-4687-adc6-fcc3bbd32d4f,Lauren&Ava cho,"굿, ㅋㅋ이번이 처음사용",5,0,2025-05-29 13:22:07,,,7.1.2,Android,com.encar.encarMobileApp,5,Lauren&Ava cho,2025-05-29 13:22:07
303a0539-ad4f-4e20-804d-ab7c79b9f190,sh,지금 차량이 안보이는데 나만 그런가,3,0,2025-05-29 08:49:31,"안녕하세요. 엔카닷컴 입니다. 잠시 앱 오류가 있었고, 지금은 정상적으로 보실 수 있습니다. 불편을 드려 죄송합니다.",2025-05-29 09:50:54,7.1.2,Android,com.encar.encarMobileApp,3,sh,2025-05-29 08:49:31
45da261e-9341-4478-8398-d03f4dd2d8a0,Railroade r,오늘 오전에 앱들어가서 설정하고 차량들은 다 뜨는데...선택해서 들어가면 이미 판매된차량이라 뜹니다... 혹시나 싶어서 여러대 다 터치해봐도 이러는데...혹시 앱 오류아닌가요? (두번을 삭제하고 재설치했습니다....),3,146,2025-05-29 08:08:10,"안녕하세요. 엔카닷컴 입니다. 잠시 앱 오류가 있었고, 지금은 정상적으로 보실 수 있습니다. 불편을 드려 죄송합니다.",2025-05-29 09:51:03,7.1.2,Android,com.encar.encarMobileApp,3,Railroade r,2025-05-29 08:08:10
022658ea-7e1e-451e-ac58-f97d05f4829f,장성준,어느 차량 검색후 클릭하면 판매됐거나 없는 차량 이라고뜹니다ㅡ.ㅡ확인조치 필요할듯 합니다 폰기종은s24울트라입니다 삭제후다시깔아보고 폰재부팅후 시도해봐도 계속 동일증상이 나오고있습니다,1,4,2025-05-29 07:40:14,"안녕하세요. 엔카닷컴 입니다. 잠시 앱 오류가 있었고, 지금은 정상적으로 보실 수 있습니다. 불편을 드려 죄송합니다.",2025-05-29 09:51:09,7.1.2,Android,com.encar.encarMobileApp,1,장성준,2025-05-29 07:40:14
7020a908-e516-4f24-8c0b-68efb8ff3c17,연가시,아니 포터 구매할려고 보는데 매물터치하면 버그걸려요....,3,0,2025-05-29 07:13:06,"안녕하세요. 엔카닷컴 입니다. 잠시 앱 오류가 있었고, 지금은 정상적으로 보실 수 있습니다. 불편을 드려 죄송합니다.",2025-05-29 09:51:14,,Android,com.encar.encarMobileApp,3,연가시,2025-05-29 07:13:06
3088136b-9f5f-4fc2-94b8-0bc18389678c,이훈,여기가 차팔때 가격을 잘 맞추어 줍니다!,5,0,2025-05-28 16:55:20,,,7.1.2,Android,com.encar.encarMobileApp,5,이훈,2025-05-28 16:55:20
03af8483-aa69-483e-bfb2-b8a44cadaa8d,jaewon kim,가장 익숙해서 좋아요 ㅎ,5,0,2025-05-27 15:22:40,,,7.1.2,Android,com.encar.encarMobileApp,5,jaewon kim,2025-05-27 15:22:40
2cd3dba2-4297-4e58-a73e-ed7a8a222a08,장재열,좋아요,4,0,2025-05-22 12:52:22,,,6.9.5,Android,com.encar.encarMobileApp,4,장재열,2025-05-22 12:52:22
f1c878d4-44ce-4daa-ae7c-7f7e432b4964,정영식,누를때마다 업데이트네,1,0,2025-05-15 12:47:17,안녕하세요. 엔카닷컴 입니다. 잦은 업데이트로 불편을 드려 죄송합니다. 소소하지만 중요한 개선과 불편을 드릴 수 있는 오류를 수정하기 위한 것이니 너그러이 이해 부탁드립니다. 감사합니다.,2025-05-16 10:00:05,7.0.6,Android,com.encar.encarMobileApp,1,정영식,2025-05-15 12:47:17
356b8a43-53b5-45b7-be24-ba5ee428d749,오석민,높은견적 추천드립니다,5,0,2025-05-14 08:40:38,,,7.0.9,Android,com.encar.encarMobileApp,5,오석민,2025-05-14 08:40:38
865f5785-5070-4982-9091-6a13a80f1c54,최원호,빠른 일처리가 강점입니다,5,1,2025-05-12 15:13:12,,,7.0.8,Android,com.encar.encarMobileApp,5,최원호,2025-05-12 15:13:12
594984e5-aa3d-4974-9534-f8d3657a783f,마카좋은캠핑,좋음,5,0,2025-05-11 23:42:45,,,6.9.8,Android,com.encar.encarMobileApp,5,마카좋은캠핑,2025-05-11 23:42:45
3f50eb1b-7605-4b61-af31-31f733bf9739,박수경,머 맨날 업데이트하노,1,0,2025-05-04 15:37:22,"안녕하세요. 엔카닷컴 입니다.
잦은 업데이트로 불편을 드려 죄송합니다. 소소하지만 중요한 개선과 불편을 드릴 수 있는 오류를 수정하기 위한 것이니 너그러이 이해 부탁드립니다.
감사합니다.",2025-05-07 14:32:09,7.0.1,Android,com.encar.encarMobileApp,1,박수경,2025-05-04 15:37:22
333b40ff-a816-49a7-bfbb-1313d6f88196,이유리,멋진 차량 구경도하고~둘러 보기도 좋네요~,5,0,2025-05-02 00:00:05,,,7.0.2,Android,com.encar.encarMobileApp,5,이유리,2025-05-02 00:00:05
3e1abb65-58d5-45bf-a66b-44aa21e69ec4,엄태,업데이트좀 그만해라 뭔 엔카쓰면서 채팅앱을 사용한다고 채팅업데이트를 강제로시키냐,1,0,2025-05-01 00:53:17,"안녕하세요. 엔카닷컴 입니다. 잦은 업데이트로 불편을 드려 죄송합니다.
채팅을 통한 구매문의가 원활하게 이뤄질 수 있도록 하는 업데이트이니 불편하시더라도 너그러이 이해 부탁드리겠습니다.
감사합니다.",2025-05-07 14:33:40,6.9.5,Android,com.encar.encarMobileApp,1,엄태,2025-05-01 00:53:17
ba16d8b7-374a-4abf-877c-dac4d2503d81,문정곤,부대 비용 포함돼서 총 가격이 설정되면 좋겠습니다 각 상사 마다 서비스의 품질 자원이 다르므로 부대 비용을 정확하게 명시하면서 궁금증을 조금이라도 완화시켰으면 좋겠습니다,3,1,2025-04-30 22:59:29,"안녕하세요. 엔카닷컴 입니다.
부대비용 때문에 불편을 겪으셨군요. 지역, 단지, 상사마다 수수료가 조금씩 상이하여 공식적으로 표기하지 못하고 있습니다.
개선 할 수 있도록 노력하겠습니다. 감사합니다.",2025-05-07 14:35:18,7.0.8,Android,com.encar.encarMobileApp,3,문정곤,2025-04-30 22:59:29
5beb6359-5730-4749-8ca4-1d7e4dfad428,김정관,원래 엔카를 사이트로 자주 접해서 편의성은 좋은데 자주 터치가 안먹히고 제멋대로 움직임,3,3,2025-04-27 00:59:37,,,7.0.7,Android,com.encar.encarMobileApp,3,김정관,2025-04-27 00:59:37
83d322e1-6820-406b-b6bd-58eb2b7b7447,이명순,차 잘팔아주셔서감사합니다^^,5,0,2025-04-26 15:02:07,,,7.0.7,Android,com.encar.encarMobileApp,5,이명순,2025-04-26 15:02:07
1d354d1b-0329-4de0-8ffe-52fb304c8cd5,서원,재밌음,5,0,2025-04-24 23:33:08,,,7.0.5,Android,com.encar.encarMobileApp,5,서원,2025-04-24 23:33:08
6c52f927-4fc4-4546-b11a-dc236a01c435,Jeungsoo Han,중고차 딜러 시기꾼들이 많아짐. 예전에는 직거래가 많았는데 사기꾼딜러조심,5,0,2025-04-23 11:54:30,,,7.0.7,Android,com.encar.encarMobileApp,5,Jeungsoo Han,2025-04-23 11:54:30
ab34976e-4da3-487c-b2fc-61a3e085feff,고창석,대한민국 표준!,5,0,2025-04-23 10:48:48,,,7.0.5,Android,com.encar.encarMobileApp,5,고창석,2025-04-23 10:48:48
dc6a2df3-b619-4491-917f-b458c14e10da,진청,부가비용은 설명을 안해 놨어요. 싼이유가 있음.,3,0,2025-04-22 23:55:49,"안녕하세요. 엔카닷컴 입니다. 이용에 불편을 드려 죄송합니다. 부가 비용은 '총비용 계산기'에서 안내하고 있습니다.
엔카믿고 차량의 경우 모든 부가비용이 표기되어있으나, 일반 차량의 매도비, 알선수수료는 지역, 단지, 상사마다 상이하여 유의 사항에만 표기하고 있습니다. 너른 마음으로 이해 부탁드립니다. 감사합니다.",2025-04-23 17:36:44,7.0.7,Android,com.encar.encarMobileApp,3,진청,2025-04-22 23:55:49
af10c80e-e95a-42eb-b9b5-106da9d6005a,센스쟁이비우다,pc에서 사진보기가 불편해요 간단하게 만들었음... 다른것도 가리고~ 불편해요,5,1,2025-04-22 11:37:14,"안녕하세요, 센스쟁이비우다 고객님. 엔카입니다.
고객님의 좋은 평가와 평점에 감사드리며 지속해서 관심을 가지고 이용해 주셔서 감사합니다.
이용에 불편이 없도록 고객님의 소리에 언제나 귀 기울여 발전하는 엔카가 되겠습니다.
요청주신 내용은 담당자에게 전달하여 향후 개선에 참고 할 수 있도록 하겠습니다.
* 대표전화 : 1599-5455

※앱 사용 중 문의사항 및 불편사항은 대표전화 1599-5455 또는 어플 내[앱 불편 신고]를 통해 접수해주시면 빠른 처리가 가능합니다.※",2022-06-03 11:41:30,7.0.7,Android,com.encar.encarMobileApp,5,센스쟁이비우다,2025-04-22 11:37:14
1b53a220-64c1-4258-b2be-696f5f72f53f,Hoon,고객을 위한 최고의 앱,5,0,2025-04-22 09:49:09,,,7.0.7,Android,com.encar.encarMobileApp,5,Hoon,2025-04-22 09:49:09
b767cc0f-918c-4162-920c-58b7674bb085,재천배,👍,5,0,2025-04-22 09:14:35,,,,Android,com.encar.encarMobileApp,5,재천배,2025-04-22 09:14:35
c1c944f5-a8d3-4029-b31e-79b7313be095,허재,내용이 없고 다양하지않다,2,0,2025-04-22 08:28:39,,,7.0.7,Android,com.encar.encarMobileApp,2,허재,2025-04-22 08:28:39
a9ad966a-07af-49db-8358-19f12657fbb7,김동균,옵션에서 안전옵션라인업에 차동기어잠금장치도 추가해주셨으면 감사하겠습니다.,5,1,2025-04-16 21:17:21,,,7.0.6,Android,com.encar.encarMobileApp,5,김동균,2025-04-16 21:17:21
33a32ff1-856c-436c-9753-1540634b4ac9,김필동,아 이거깔고 바로보고 나중에 다시들어오면 자량 을 선댁이 안됌 깔고 보고난다음 종료후 디시들어와서 보면 그자 없음 관리 홈 제래로합시다 이게 이렇게된지가 2년가까이됐음 지웠다가 다심깔연 있음 관리좀 하세요 폰이정지라 ㅠ ㅠ 오늘보니깐 또그러네요 ㅠ 또 지웠다가 새로깔아야되네어제깔고 ㅇㆍ늘 또안되서 지우고새로까는중 영자님들아 좀 수정하소,1,1,2025-04-15 13:17:03,안녕하세요. 엔카닷컴 입니다. 앱 이용에 불편을 드려 죄송합니다. 다만 보내주신 의견은 처음 접한 의견으로 너무 번거로우시겠지만 고객센터 1599-5455로 연락주시어 증상을 말씀해주시면 문제를 해결하는데 큰 도움이 될 것 같습니다. 감사합니다.,2025-01-20 13:49:25,7.0.6,Android,com.encar.encarMobileApp,1,김필동,2025-04-15 13:17:03
d25eca23-ff4c-4cc4-b414-6087b40e0ffd,이상훈,신속하고 적절한 입찰에 만족합니다,5,3,2025-04-13 17:06:15,,,7.0.6,Android,com.encar.encarMobileApp,5,이상훈,2025-04-13 17:06:15
4c40b753-4184-4a2b-afac-0a207c100d49,minsu kim,잘 쓰고 있는데 제발 차량 검색할 때 케이카처럼 브랜드 복수 선택해서 선택한 브랜드만 모아볼 수 있게 해주세요 지금은 한 브랜드만 선택해서 차량 검색 밖에 안됩니다,5,0,2025-04-12 22:31:19,,,7.0.6,Android,com.encar.encarMobileApp,5,minsu kim,2025-04-12 22:31:19
a7276a8a-acc1-4c17-9675-1d38eb2b4327,の,차구매확정후엔 보상도잘안해주고 보증수리도 잘안해줍니다 그지같은엔카다신이용안하다,1,0,2025-04-09 12:50:38,,,,Android,com.encar.encarMobileApp,1,の,2025-04-09 12:50:38
eb04385e-2471-4174-8833-70ee8fc2e403,CHOI JONGHWAN,타사 대비 견적가가 높아서 좋아요,5,0,2025-04-08 12:05:25,,,7.0.1,Android,com.encar.encarMobileApp,5,CHOI JONGHWAN,2025-04-08 12:05:25
295bb855-da35-4f39-8b1d-f3c889ec4dc4,이상도,"엔카 믿고 삿는데,, 한달10일만에 교차로에서 차량 멈췃네요 ,,,,,죽다 살앗어요 고객센타 전화하니 성능보증은 다른 업체에서 한다고,,,,어이가없네요 40일만에 1000키로 타고 미션나가는차 팔고 모른체 한다는 자체가 문제가 많은것 아닌가요 다시는 앤카 안삽니다.",1,1,2025-03-30 23:32:11,,,7.0.4,Android,com.encar.encarMobileApp,1,이상도,2025-03-30 23:32:11
ac2b2ecf-050b-4544-928a-f20b94c64fa5,남형석,좋아요,5,0,2025-03-30 20:14:31,,,7.0.4,Android,com.encar.encarMobileApp,5,남형석,2025-03-30 20:14:31
80a03c4a-e8a2-47e6-9833-c66433b1b8cb,SPECIALE,"다 좋습니다만 검색 세부사항에 있는 차종 부분에서 세단은 준중형,중형,준대형,대형으로 선택할수 있으나 SUV는 소형 SUV, 중형SUV 이렇게 나뉘어져있지 않아서 불편한점이 없지 않아 있습니다 그래서 이 점 검토부탁드리겠습니다",5,5,2025-03-27 18:48:29,"안녕하세요. 엔카닷컴 입니다. 말씀 주신 것 처럼 SUV는 소,중,대형을 구분하지 않고 있습니다. 더 편리한 검색을 위해 유관 부서에 의견 전달하여 검토할 수 있도록 하겠습니다. 감사합니다.",2025-04-08 17:18:18,7.0.3,Android,com.encar.encarMobileApp,5,SPECIALE,2025-03-27 18:48:29
84ac06cb-b85b-4234-a858-92772079a46e,KANG강승호,편하게 제값받는거 같아요,5,0,2025-03-26 15:36:00,,,7.0.3,Android,com.encar.encarMobileApp,5,KANG강승호,2025-03-26 15:36:00
806e477c-463d-4214-b214-56359adc9341,이쉬타르,엔카는 믿고 거래합니다^^,5,0,2025-03-24 16:18:13,,,7.0.2,Android,com.encar.encarMobileApp,5,이쉬타르,2025-03-24 16:18:13
a51e6d28-7477-4aa4-8815-d468bbcb79f6,KIM케이,"중고차 거래할 때 항상 엔카를 이용하는데, 정말 편하고 믿을 수 있어요. 차량 정보도 상세하게 나와 있고, 사진도 많아서 상태를 쉽게 확인할 수 있어요. 특히 엔카 진단 차량은 신뢰도가 높아서 안심하고 볼 수 있네요. 검색 필터도 다양해서 원하는 조건에 맞춰 차를 찾기 편하고, 딜러분들도 친절하게 응대해 주시는 경우가 많아요. 앱도 직관적이라 초보자도 쉽게 사용할 수 있을 것같아요! 앞으로도 중고차 살 때 엔카만 쓸 것 같네요. 강력 추천합니다!",5,220,2025-03-23 23:40:57,,,7.0.2,Android,com.encar.encarMobileApp,5,KIM케이,2025-03-23 23:40:57
5ac8a3a1-18a3-469b-9fdb-ee0a104ad00b,김카모,엔카 너무 좋아요. 자동로그인도 잘 되고 검색 기능도 정말 마음에 들어요! 🥰,5,0,2025-03-21 12:49:51,,,,Android,com.encar.encarMobileApp,5,김카모,2025-03-21 12:49:51
b2d97c00-a0e0-4f7e-a546-06646c8552e1,로로로라라라,실행할때 뜨는 마케팅 동의 안뜨게 해주면 5점드림 3일 마다 뜨는거 말고 아예 안뜨게 하세요,1,1,2025-03-17 21:53:08,,,7.0.1,Android,com.encar.encarMobileApp,1,로로로라라라,2025-03-17 21:53:08
36a6e899-5e30-4a24-9a79-660ebd05de91,Smart Grid,잘 애용하고 있습니다.,5,0,2025-03-14 20:52:02,,,7.0.0,Android,com.encar.encarMobileApp,5,Smart Grid,2025-03-14 20:52:02
f969dd8b-adf6-44c8-82e1-baebe9af7c95,tv겜방,검색시 차량대수가 많았다 적었다 하는건 왜 이럴까요?,3,1,2025-03-14 07:32:20,"안녕하세요. 엔카닷컴 입니다. 차량대수는 실시간으로 변화가 있을 수 있으나, 이상하게 느끼실 정도의 변화를 보신거라면 어떻게 검색하셨을 때 그와 같은 현상이 생기는지 말씀주시면 확인해보도록 하겠습니다. 감사합니다.",2025-03-19 10:37:54,7.0.0,Android,com.encar.encarMobileApp,3,tv겜방,2025-03-14 07:32:20
5bd6eb7f-b6a6-4432-bc3c-a87042759c9b,SC Park,차량 판매하려니 사진 등록이 안됩니다. 접근권한 설정 다 풀려 있어도 안되네요.,2,2,2025-03-12 21:03:44,"안녕하세요. 엔카닷컴 입니다. 앱 이용에 불편을드려 죄송합니다.
증상 확인 및 수정 완료되었습니다. 앱을 업데이트하여 이용 부탁드리겠습니다.",2025-03-19 13:26:07,7.0.0,Android,com.encar.encarMobileApp,2,SC Park,2025-03-12 21:03:44
380eb5ad-6842-4d8e-8e6a-c1d099a25061,Google 사용자,편합니다~~~,5,0,2025-03-12 10:47:46,,,6.9.5,Android,com.encar.encarMobileApp,5,Google 사용자,2025-03-12 10:47:46
ce4b3c95-aa7d-4345-ac63-32925d6c30ce,스몽이,앱 들어가면 화면에 BYD 아토3 사진 나오는데 매우 불쾌 하네요 앱 삭제합니다,1,0,2025-03-07 09:48:56,,,6.9.9,Android,com.encar.encarMobileApp,1,스몽이,2025-03-07 09:48:56
cc99bccb-7abc-4401-88f0-dda1fb056758,이영린,비교견적이 좋네요,5,0,2025-03-04 17:35:16,,,6.9.8,Android,com.encar.encarMobileApp,5,이영린,2025-03-04 17:35:16
5a0010fc-80d0-4221-8c27-ca47d251515a,kilove95 kilove95,어플자체에 에러가 너무 많음,1,1,2025-03-04 13:15:40,,,6.9.8,Android,com.encar.encarMobileApp,1,kilove95 kilove95,2025-03-04 13:15:40
8369337e-00b3-4e8e-9dcc-84b38a4f1aff,GON반장,조회선택 옵션에 차량 교환 삼자큰사고 일반외관 사고 고를수있게 해주시면 안될까요,5,0,2025-03-01 06:47:38,,,6.9.8,Android,com.encar.encarMobileApp,5,GON반장,2025-03-01 06:47:38
a58f9757-840c-4977-bad0-601f849f8968,김용면,최근 업데이트 하고 외국제조사 선택 불가능,4,0,2025-02-27 13:22:45,,,6.9.7,Android,com.encar.encarMobileApp,4,김용면,2025-02-27 13:22:45
8367905d-c63a-4909-a680-e2ce7eebdfec,임형욱,아침마다 마이페이지 진단등록 예약 등등 로딩이 안돼요 불편해죽겠음 쓰레기어플아,1,0,2025-02-23 08:48:55,"안녕하세요. 엔카닷컴 입니다. 앱 이용에 불편을드려 죄송합니다.
대표번호 1599-5455로 연락주시면 도와드리도록 하겠습니다.",2025-03-17 10:09:18,6.9.6,Android,com.encar.encarMobileApp,1,임형욱,2025-02-23 08:48:55
05203604-9df4-4e0c-9a69-dba2612e8e62,홍뚜기,내차사기 할때 제조사 및 모델 중복으로 두개 선택못함 그게 가장 필요한데 계속 업데이트안하네요?,1,0,2025-02-17 16:13:28,안녕하세요. 엔카닷컴입니다. 보내주신 의견은 유관팀으로 전달하도록 하겠습니다. 불편을 드려 죄송합니다.,2025-02-18 15:39:26,6.9.5,Android,com.encar.encarMobileApp,1,홍뚜기,2025-02-17 16:13:28
2603257c-2fbd-4d43-9c48-5e4f5cf8cfc1,Sarang Youngjong,"견적 가격은 헤이딜러보다 높게 나왔는데, 실제 점검에서 얼마나 감가를 할지 걱정되긴합니다. 경매진행 빨라서 좋았습니다.",4,3,2025-02-11 14:35:01,,,6.9.3,Android,com.encar.encarMobileApp,4,Sarang Youngjong,2025-02-11 14:35:01
734fb532-52dd-48e0-84ce-05aeaeda8076,거긔,광고점 어떻게 해봐요. 두번켜야함,2,1,2025-02-08 23:42:15,,,6.9.2,Android,com.encar.encarMobileApp,2,거긔,2025-02-08 23:42:15
35f26103-2de1-4786-97bf-8ec70c4720bf,song Ryu,직관적 구조로 사용하기 편리합니다.,5,3,2025-02-06 20:35:31,안녕하세요. 엔카닷컴 입니다. 앱 이용에 감사드립니다. 더 발전하는 엔카가 되도록 노력하겠습니다.,2025-02-10 14:55:42,6.9.3,Android,com.encar.encarMobileApp,5,song Ryu,2025-02-06 20:35:31
1187d50c-3ed8-4a35-ae0e-92d38eb3ba00,유재창,오류가심함...,1,0,2025-02-05 14:07:19,안녕하세요 엔카닷컴 입니다. 이용에 불편을 드려 죄송합니다. 번거로우시겠지만 어떤 오류인지 말씀 남겨주시면 유관부서에 전달하여 개선하도록 노력하겠습니다. 감사합니다.,2025-02-10 14:55:01,6.9.2,Android,com.encar.encarMobileApp,1,유재창,2025-02-05 14:07:19
9446fee8-0296-45b0-bbe8-5e3fc4cb82bf,이승민,탭에서 가로 모드 좀 출시해주면 안됩니까 ... 갤럭시 탭 쓰는데 가로모드 좀 해주세요 제발,1,2,2025-02-03 23:46:32,안녕하세요. 엔카닷컴 입니다. 가로모드 지원에 대하여 유관팀에 전달하도록 하겠습니다. 감사합니다.,2025-02-18 15:42:40,6.9.2,Android,com.encar.encarMobileApp,1,이승민,2025-02-03 23:46:32
74e054ce-bbaa-4678-a6c3-7152e15d76f2,JI AN SONG,어플켜면 처음 나오는 광고좀 어떻게 해봐라 끄는것도 없고 어플 볼려면 거지같네 광고비 얼마나 빨아 먹을려고 사용자는 생각도 안하냐8,1,2,2025-02-01 23:37:43,,,6.9.2,Android,com.encar.encarMobileApp,1,JI AN SONG,2025-02-01 23:37:43
8ced3caa-9378-474d-89af-dfe667770b7a,이철규,좋아요 아주좋아요,5,0,2025-01-31 09:58:00,,,6.9.2,Android,com.encar.encarMobileApp,5,이철규,2025-01-31 09:58:00
e1febee4-cd87-4e67-85ff-ef516743cdf3,임은규,7인승RV구매할려하는데~ 몇인승조회할건지도 되면 좋겠어요 ~,4,0,2025-01-22 19:56:14,,,6.9.2,Android,com.encar.encarMobileApp,4,임은규,2025-01-22 19:56:14
b1153efa-ed04-4305-8da5-9adc5679f722,상촌놈,리스 렌트(용도)이력도 조건검색 될수있게 해주세요~ 용도이력 있는 차는 거르고 싶어요~,5,0,2025-01-22 18:01:55,,,6.9.2,Android,com.encar.encarMobileApp,5,상촌놈,2025-01-22 18:01:55
66ecf4b1-e5b7-4aca-9855-b8462b524b4d,박찬만,장의차 같은 특수차량 분류가 생겼으면 좋겠습니다~~~!!!,4,2,2025-01-22 13:54:01,,,6.9.2,Android,com.encar.encarMobileApp,4,박찬만,2025-01-22 13:54:01
e98eb793-a48b-4e64-9151-e163fea50ff0,ROY KANG,인승구분이 있었으면 좋겠습니다.5.6.7.8.9,5,0,2025-01-22 10:01:28,,,6.9.2,Android,com.encar.encarMobileApp,5,ROY KANG,2025-01-22 10:01:28
d89113ac-daff-4767-b55c-16ffb8e10bc8,Trump Donald,엔카에서 머스탱 5세대 6만8천키로 싸개샀네요 감사합니다 ㅎㅎ,5,0,2025-01-15 11:04:07,좋은 경험에 대한 리뷰 감사합니다.,2025-01-17 11:12:07,6.7.3,Android,com.encar.encarMobileApp,5,Trump Donald,2025-01-15 11:04:07
3de4c057-bd9b-4480-9a93-c07644da438d,한영주,좋은 가격으로 매입하네요,4,0,2025-01-09 14:08:15,좋은 경험에 대한 리뷰 감사합니다.,2025-01-17 11:11:59,6.9.1,Android,com.encar.encarMobileApp,4,한영주,2025-01-09 14:08:15
7e984d16-3f80-4408-ba6a-9094ab5c1617,혁,보험계산하기 짜증나서 설치후바로삭제,1,0,2025-01-06 22:19:43,안녕하세요. 엔카닷컴 입니다. 이용에 불편을 드려 죄송합니다. 자동차보험의 경우 엔카의 기능이 아닌 보험사로의 연결만 지원하고 있으니 양해 부탁드립니다.,2025-01-07 10:22:53,6.9.0,Android,com.encar.encarMobileApp,1,혁,2025-01-06 22:19:43
3d3766f8-6ce5-4187-b24c-d26586f439de,최세현,역시 중고차 딜러는 못믿겠네요. 살면서 중고차 수십대 사고팔고 했지만 이런 어이없는 경우가 생기는군요. 차량가격 100만 올려있기에 예약금 20걸고 2일후 방문했는데 이것저것 수수료로 약 90만 정도 요구하네요. 100만생각하고 와서 못사겠다 하니 계약금 못준다나? 이거뭐 완전 순식간에 도둑맞은느낌...어쩔수 없이 지불하고 샀는데 200정도 들어갈지 알았으면 절대 계약금 구매의사 1도 없는데 아주 짜증 제대로네요. 이래서 큰회사들이 중고차를 해야됩니다. 그래야 이런 날도둑들 싹다 없어질텐데...,1,11,2025-01-04 23:40:50,,,6.9.0,Android,com.encar.encarMobileApp,1,최세현,2025-01-04 23:40:50
0e51b67f-89a0-40ea-9499-881ba89d5448,황규만,카니발,5,0,2025-01-03 22:24:23,,,6.7.8,Android,com.encar.encarMobileApp,5,황규만,2025-01-03 22:24:23
ec8bf8cb-735d-425d-bea4-cc2cf51053cd,따복이,ㅐㆍㄴㆍ니ㅏ니ㄴㆍ리러ㅓ닐ㆍ니니ㅣ,5,0,2024-12-30 20:31:48,,,6.7.5,Android,com.encar.encarMobileApp,5,따복이,2024-12-30 20:31:48
babcc664-d67c-497e-9fc7-5d0aa3c8aa43,Blue naengmyeon,기능업데이트는없는데 매번 업데이트만 하는어플,1,0,2024-12-22 11:08:27,"안녕하세요. 잦은 업데이트로 불편을 드려 죄송합니다. 작은 부분에서의 개선과 함께 앱이 더 원활하게 접속, 유지되게 하기 위함이니 너른 마음으로 양해 부탁드립니다.",2025-01-07 10:07:31,6.8.3,Android,com.encar.encarMobileApp,1,Blue naengmyeon,2024-12-22 11:08:27
7ee14a71-17fe-4ca0-8e06-2fb8e5650fb8,Yarok Chung,엔카 직원 사칭 사기꾼 조심.자칭 엔카 직원 이라해서 엔카에 알아보니까 관련없는 매매업자.당신 뭐냐고 따지니까 전화수신거부.엔카는 직원사칭 하는 새끼들 신고를 하던가 가만히 있는건 직무유기 아니야?손님이 사기꾼 찾아내면 적어도 전화해서 주의는 줘야하는거 아니요?,1,0,2024-12-21 20:33:53,안녕하세요. 엔카닷컴입니다. 이용에 불편을 드려 죄송합니다. 말씀주신 부분에 대해 확인 후 조치를 취할 수 있는 방법을 고민하도록 하겠습니다. 감사합니다.,2025-01-07 10:05:42,6.8.9,Android,com.encar.encarMobileApp,1,Yarok Chung,2024-12-21 20:33:53
56d51289-74a9-4fd2-bc07-1a4a8c79e19b,이수미,따봉,5,0,2024-12-21 08:38:07,,,6.8.7,Android,com.encar.encarMobileApp,5,이수미,2024-12-21 08:38:07
c69c6d48-84ae-4dca-8143-657fb26120ce,김경록,정직하게,5,0,2024-12-19 14:18:54,,,6.8.8,Android,com.encar.encarMobileApp,5,김경록,2024-12-19 14:18:54
570b6155-1499-4eff-b9e5-b6791d8cb3ba,이동욱,헤이딜러보다 좋네요~,5,0,2024-12-18 23:02:29,,,6.8.8,Android,com.encar.encarMobileApp,5,이동욱,2024-12-18 23:02:29
3a2088d5-7fdf-48c5-9c83-166153a76711,고동주,유일하게 믿는 엔카 인데 차종별 같은 차종이라도 이상하리 만큼 부천이 금액이 싼거 같은데 금액이 싸면 좋은데 자동차 관련해서 부천은 너무나 이미지가 안좋아서요 어찌 똑같은 차량인데 부천이 너무 금액이 싼 이유를 모르겠습니다 구매하고 싶어도 불안해서 피하게되네요,5,2,2024-12-18 22:09:32,,,,Android,com.encar.encarMobileApp,5,고동주,2024-12-18 22:09:32
02e650cc-31b0-45fb-b036-81d3ed509850,김철,감사해요,4,0,2024-12-18 14:51:00,,,6.8.8,Android,com.encar.encarMobileApp,4,김철,2024-12-18 14:51:00
0bbfdeda-4bf9-46b5-b52c-e9bbf000f696,이요한,몇인승인지 같이 나오면 좋겠어요,4,0,2024-12-18 01:58:35,,,6.8.7,Android,com.encar.encarMobileApp,4,이요한,2024-12-18 01:58:35
546f3774-8758-45bd-a357-4c8d689a9c19,게리쿠퍼,누가 프로그램을 수정해 놨는지 패주고 싶고 처음에 화면을 띄웠을때 그냥 바로 검색을 할 수 있게 해줬으면 좋겠고(기안 얼굴 같은거 보기싫음) 고객이 질문을 해도 씹어버리는 판매자는 강제 삭제 시키면 좋겠음.,1,13,2024-12-14 12:26:09,,,6.8.7,Android,com.encar.encarMobileApp,1,게리쿠퍼,2024-12-14 12:26:09
320eae39-b686-4915-80e0-e32bcb411ccf,비,중고차 사려고 가계약 다 해놨더니 판매자측 가격책정 실수로 낮게 올라왔다고 계약 파기됨ㅋㅋㅋ 동의를 구한것도 아니고 그냥 지들이 파기시킴 믿음 제로됨ㅋㅋ 수수료는 겁나떼가면서 일은 뭣같이하네,1,1,2024-12-12 16:00:33,안녕하세요. 엔카닷컴 입니다. 고객님의 마음이 많이 불편하셨을 부분에 충분히 공감됩니다. 리뷰 남겨주신만큼 더 신경써서 같은 불편이 반복되지 않도록 하는 엔카가 되겠습니다.,2024-12-20 09:06:09,6.8.6,Android,com.encar.encarMobileApp,1,비,2024-12-12 16:00:33
d4c91bb2-9708-4a27-b202-1825637c766c,이승언,좋심다,5,0,2024-12-08 15:58:29,,,6.8.6,Android,com.encar.encarMobileApp,5,이승언,2024-12-08 15:58:29
dd47aea4-91dc-415b-a9b6-920d391f199b,효자동우즈,사용하기 편리해요,5,0,2024-12-07 06:27:59,,,6.8.6,Android,com.encar.encarMobileApp,5,효자동우즈,2024-12-07 06:27:59
872e7ea1-1801-457e-ad64-31f1610644ef,김도윤,엔카전용홈딜리버리 영업사원들 전화 왤케 안받냐? 뭐 문의가 있어도 전화를 받아야 사던가 말던가 하지,2,0,2024-12-06 14:42:33,,,6.8.6,Android,com.encar.encarMobileApp,2,김도윤,2024-12-06 14:42:33
1f5f7823-efa4-41ea-a4ec-d734f1840971,진일,엔카진단등록만 잘보이게끔 효과만들고 개인등록은 보이지도않고 ;;;,1,7,2024-12-06 10:57:13,,,6.8.6,Android,com.encar.encarMobileApp,1,진일,2024-12-06 10:57:13
4235cb08-c2ce-4344-8aa2-5bf0652c0492,송로버섯,경매 거의 장난질 수준이에요. 시간낭비만 했습니다. 타사 견적 경매이용하시던지 타사 법인매매로 정리하시는게 훨씬 이득입니다. 다른 어플보다 견적보다 70프로밖에 안나옵니다. 그마저도 나머지 경매하는딜러들은 거의다 장난질뿐입니다.,3,1,2024-12-03 14:07:07,"안녕하세요. 엔카닷컴 입니다. 서비스 이용에 만족을 드리지 못해 죄송합니다. 다시 한 번 확인하고, 문제 되는 부분에 대하여 빠르게 개선해나가도록 하겠습니다. 감사합니다.",2024-12-03 13:21:54,6.8.5,Android,com.encar.encarMobileApp,3,송로버섯,2024-12-03 14:07:07
fb6d677a-a4bb-478d-9776-fea2207f53b4,Steven L,정직한 거래가 가능한 분으로 판단하였습니다.,5,0,2024-11-28 20:34:24,,,6.8.5,Android,com.encar.encarMobileApp,5,Steven L,2024-11-28 20:34:24
997f3f09-f7e6-4a00-9a8b-48114cf2005c,엘플랜Design,굿,5,0,2024-11-28 09:44:14,,,6.8.5,Android,com.encar.encarMobileApp,5,엘플랜Design,2024-11-28 09:44:14
10c69b01-c89b-41e8-9826-1ec825f0e3c1,김영주,좋아요,5,0,2024-11-28 09:17:34,,,6.8.5,Android,com.encar.encarMobileApp,5,김영주,2024-11-28 09:17:34
02aebb82-085b-428e-9c75-83f5758b89c0,그냥웃자,내가 왜 열때마다 기안84이지 54인지를 봐야 하는거죠? 엔카 수준이 그냥 막 사는 기안 수준으로 봐달라는건가??,1,1,2024-11-28 02:30:18,,,6.8.5,Android,com.encar.encarMobileApp,1,그냥웃자,2024-11-28 02:30:18
6a1c61c0-3a21-42e9-9033-aeef78fac3a5,John B,양심없는 중고차 딜러들 넘 많다~ 제발 그런 판매자와 매물들 안뜨게 차단기능 추가해줘라~,1,5,2024-11-27 08:44:16,,,6.8.5,Android,com.encar.encarMobileApp,1,John B,2024-11-27 08:44:16
ec7eb279-5d98-4fe8-a277-5a24abb3e7ce,노승규,차량에 대해 자세하게 보여주고 좋와요.,5,0,2024-11-27 01:01:48,,,6.7.9,Android,com.encar.encarMobileApp,5,노승규,2024-11-27 01:01:48
8d14f6d8-4c78-43d1-b4e8-5489493d1f4e,엄마,개인리스는 개인 1인 신조차와 동급입니다 리스카테고리 넣으면 안되요.,1,1,2024-11-24 10:03:43,,,,Android,com.encar.encarMobileApp,1,엄마,2024-11-24 10:03:43
1f1a0b59-a78f-4d01-bb43-00f314176ee6,바나나가이,앱로딩중에 똥폼잡고있는 기안님 안뜨면 참 좋을텐데요..앱을키기가싫어요ㅜㅠ,1,2,2024-11-20 06:44:08,,,6.8.4,Android,com.encar.encarMobileApp,1,바나나가이,2024-11-20 06:44:08
3d3836ef-46fa-4bd2-a901-2504e3658ed2,Eric C,제발 차량검색에 승차정원 선택할수 있는 옵션좀 넣어주세요 동일차량에 5인승 7인승 다나오는 모델같은경우 일일이 들어가서 사진보고 확인해야하던가 판매자한테 연락해봐야되고 너무 힘들어요 꼭좀 승차정원 선택할수있는 선택사항좀 넣어주세요,3,1,2024-11-17 20:47:49,,,6.8.4,Android,com.encar.encarMobileApp,3,Eric C,2024-11-17 20:47:49
adea871e-70b0-41fd-b049-dbe7b777fbc7,시바스리갈,여기서 믿고산다?? 바로호구되는거ㅋㅋㅋ 절대 엔카믿지마라,1,0,2024-11-16 20:33:12,안녕하세요. 엔카닷컴 입니다. 앱 이용 중에 불편을 드려 죄송합니다. 더 믿음을 드릴 수 있는 엔카가 되도록 노력하겠습니다.,2024-11-21 10:47:52,,Android,com.encar.encarMobileApp,1,시바스리갈,2024-11-16 20:33:12
f087cb50-95e8-4eab-9538-e682c392d44d,차상주,많은 사람이 함께 보고있어서 그런지 반응이 빠르고 좋아요 😀 😄,4,1,2024-11-13 11:20:45,,,6.8.4,Android,com.encar.encarMobileApp,4,차상주,2024-11-13 11:20:45
66cc3936-3375-4030-af15-be34a85f1b0e,인내고이기과감,소소,5,0,2024-11-11 15:06:04,,,6.8.3,Android,com.encar.encarMobileApp,5,인내고이기과감,2024-11-11 15:06:04
082907f8-512a-41a1-8ffb-3f2392657a45,오민,"상세 카테고리가 더 있었으면 좋겠습니다. 1. 개인적으로 1인신조 차량을 선호하기에 1인신조 카테고리 2. 렌트&리스이력이 싫기에 다른 차보다 값싸게 사기 위해 렌트,리스를 선택하거나 저처럼 렌트가 싫은 사람을 위해 렌트,리스가 나오지 않게 하는 렌트&리스 카테고리 이 두가지는 법률검토 진행하더라도 충분한 타당성을 지닐 수 있다 여겨져 건의드립니다.",5,461,2024-11-10 14:41:45,,,6.8.3,Android,com.encar.encarMobileApp,5,오민,2024-11-10 14:41:45
d3e7551c-e517-4a99-8e4f-71b54877ad56,오승환,차량 보는 폭이 넓어져서 좋아용,5,0,2024-11-07 22:05:36,,,6.7.8,Android,com.encar.encarMobileApp,5,오승환,2024-11-07 22:05:36
7ff179a7-eac7-4fe8-b5b5-1eb967b16566,이한영,제발업데이트좀 그맠,1,1,2024-11-07 14:02:14,,,6.7.8,Android,com.encar.encarMobileApp,1,이한영,2024-11-07 14:02:14
1d4258b5-927a-487f-aa57-a18a545cb6e7,유경모,체계적인 구성,5,0,2024-11-06 18:39:49,,,6.8.1,Android,com.encar.encarMobileApp,5,유경모,2024-11-06 18:39:49
2ec1a28a-e5c1-4f3b-a623-838a63330da4,배성렬,1.판매자한테 할인되냐 문의하니 2.된다해서 얼마나 되냐 문의하니 3.일단 오라하네 4.3시간 반이라고 일단 알려주면 생각해보고 갈지말지 정하겠다니깐 5.주말에 이게 먼짓이냐고 물어보지말라함ㅋㅋㅋㅋㅋㅋㅋㅋㅋ 판매주문의는 왜있는건데 ㅋㅋㅋㅋㅋㅋㅋㅋ 앱은 모르겠고 딜러들 수준이 딱 보임,1,3,2024-11-03 23:36:57,안녕하세요 엔카닷컴 입니다. 이용에 불편을 드려 죄송합니다. 더 나아진 모습을 보여드리기 위해 노력하겠습니다.,2024-11-06 09:33:35,6.8.3,Android,com.encar.encarMobileApp,1,배성렬,2024-11-03 23:36:57
a63cdb87-53de-4c05-a6e7-f5d4dfffedef,이희선,"검색기능이 지역 뿐만 아니라, 내 위치 근처에서 운영하는 엔카지점을 볼 수 있었으면 좋겠어요..",3,1,2024-11-03 14:44:11,,,6.8.3,Android,com.encar.encarMobileApp,3,이희선,2024-11-03 14:44:11
e90fe30b-bd68-40ec-9f96-89bbda803ab4,정인김,신속한 견적..감사드려요,5,0,2024-11-03 13:30:26,,,6.8.3,Android,com.encar.encarMobileApp,5,정인김,2024-11-03 13:30:26
ed210572-2ddc-45df-bb16-8e11dc3746fb,이영일,에러가 발생 차량 등록을 했는데 시세 조회가 안됩니다,1,4,2024-11-01 16:42:52,안녕하세요 엔카닷컴 입니다. 불편을 드려 죄송합니다. 지속적으로 조회가 안되는 경우 1599-5455로 문의 부탁드립니다.,2024-11-06 09:37:29,6.8.2,Android,com.encar.encarMobileApp,1,이영일,2024-11-01 16:42:52
5792b7dc-2759-47b8-b6a8-a04c490f65dc,bon Song,로그인이 안됨,1,0,2024-10-29 14:49:46,안녕하세요. 엔카닷컴 입니다. 로그인에 일시적인 장애가 있었던 것으로 파악했습니다. 현재 정상적인 이용이 가능합니다. 감사합니다.,2024-11-04 09:38:49,6.8.1,Android,com.encar.encarMobileApp,1,bon Song,2024-10-29 14:49:46
51b82657-7cc2-4d21-997b-2d8447708d11,안광현,좋아요,5,1,2024-10-28 00:41:21,,,6.8.0,Android,com.encar.encarMobileApp,5,안광현,2024-10-28 00:41:21
a2edb283-7550-4fe9-8786-d5b4a40744a9,S,중복차량을 1개로만 볼 수 있는 기능이 있었으면 좋겠네요.,3,0,2024-10-20 15:55:23,안녕하세요 엔카닷컴 입니다. 보내주신 의견은 유관 부서로 전달하여 개선에 반영될 수 있도록 하겠습니다. 감사합니다.,2024-10-21 10:34:23,6.7.9,Android,com.encar.encarMobileApp,3,S,2024-10-20 15:55:23
9c2cd817-2d3f-4172-8718-6e20cc91ae8e,Dgoon Lee,"테슬라 옵션 (EAP, FSD) 유무사항이 옵션추가가 필요합니다. 해당 옵션이 사실상 메인인데 옵션메뉴에 없어서 차량 확인시에 주요 옵션 여부가 불투명합니다.",3,2,2024-10-20 15:00:51,안녕하세요 엔카닷컴 입니다. 좋은 팁 주셔서 감사합니다. 유관부서에 전달하도록 하겠습니다.,2024-10-21 10:33:28,6.7.9,Android,com.encar.encarMobileApp,3,Dgoon Lee,2024-10-20 15:00:51
53f6b0bb-c28f-4f60-9c11-93e853349a49,무야호,전기차 배터리 고장으로 운행도 못하는데 이상없다고 팔고 성능표 항목에 없다고 환불거절 기사뜸 전기차 살때 주의요망,1,1,2024-10-19 17:19:35,,,6.7.9,Android,com.encar.encarMobileApp,1,무야호,2024-10-19 17:19:35
2147e80f-9a7d-48ef-bd53-6fb136edd05b,Tom Boii,딜러의 다른 매물 같은 거도 컴퓨터랑 똑같이 볼 수 있으면 좋겠습니다,4,1,2024-10-18 20:13:03,,,6.7.9,Android,com.encar.encarMobileApp,4,Tom Boii,2024-10-18 20:13:03
c04643df-8be7-478d-9b7a-0424ccb69840,ruby ho,좋은데 검색시에 더 많은 옵션선택이 있으면 해요 견인고리나 사제튜닝들도 반영해주세요 못찾겠어,3,1,2024-10-18 08:30:28,,,6.7.9,Android,com.encar.encarMobileApp,3,ruby ho,2024-10-18 08:30:28
74b2f9f6-bb39-4feb-a82a-f32e9900924d,정상민,저는g80으로 대차하고시ㅍ어요,5,0,2024-10-17 22:04:43,,,6.7.9,Android,com.encar.encarMobileApp,5,정상민,2024-10-17 22:04:43
7de1cffd-1507-4241-96bb-6fba0f86414e,PP점스,다운받고나서 이어다시설치외에 그리고글이어서2024년10월17일목요일에글단것외에리뷰남긴것외에그리고이어sns가입있는지모르겠기도요카카오계정외에네이버계정외에구글계정이나요그리고이어다운받고나서지우기도합니다...,5,0,2024-10-17 13:09:11,,,,Android,com.encar.encarMobileApp,5,PP점스,2024-10-17 13:09:11
1393aea9-e2a3-4129-b9ff-1687993bcb08,장영,입찰공개빨라서좋아요,5,0,2024-10-16 10:47:49,,,6.7.9,Android,com.encar.encarMobileApp,5,장영,2024-10-16 10:47:49
053969af-ddd7-44c4-86db-f42086077377,최현준,좋아여,5,0,2024-10-13 13:30:44,,,6.7.7,Android,com.encar.encarMobileApp,5,최현준,2024-10-13 13:30:44
f4caeea6-5042-4ae8-8d44-128ea161def3,Shibe doge,조건검색에 배기량도 있으면 좋겠습니다.,4,0,2024-10-09 13:20:09,,,6.7.8,Android,com.encar.encarMobileApp,4,Shibe doge,2024-10-09 13:20:09
41b55da5-0555-4aea-8660-4f1445d3de7b,신현준,ㅡ눈ㄷㆍ11ㄱㅇ라2ᆢ ㅣㅣㅡㅡㄷ,3,0,2024-10-07 16:59:59,,,6.2.7,Android,com.encar.encarMobileApp,3,신현준,2024-10-07 16:59:59
24c506bd-3688-4214-8931-4574e00b218f,박재환,엔카 너무 좋습니다. 경쟁플랫폼처럼 몇인승인지 선택할 수 있는 옵션하나만 더 추가되면 완벽할것 같습니다.,5,0,2024-10-04 12:29:19,,,6.7.8,Android,com.encar.encarMobileApp,5,박재환,2024-10-04 12:29:19
b574cae3-ae99-46c7-aa35-6a160a716c0d,Google 사용자,엔카 전화 문의할때 잡소리가 심해서 서로 안들리는경우가 너무 많습니다,3,1,2024-10-04 11:41:33,,,6.7.8,Android,com.encar.encarMobileApp,3,Google 사용자,2024-10-04 11:41:33
06359901-8993-49cc-a64b-459400ae4198,강병도,최~~고,5,0,2024-10-03 20:20:30,,,6.7.8,Android,com.encar.encarMobileApp,5,강병도,2024-10-03 20:20:30
fdf61600-fd89-4c8d-9a0d-a6b0adaf5ae4,임정인,"잘 사용하고 있습니다. 다만 용도이력 있거나, 없는차들을 먼저 체크해서 분류할 수 있는 항목이 있었으면 좋겠습니다. 일일히 매물을 눌러 성능지까지 확인하기전에 용도이력 있는 차량 또는 용도이력 없는 차량 이렇게라도 조회가 된다면 더 편할거 같습니다.",4,14,2024-10-03 19:48:46,,,,Android,com.encar.encarMobileApp,4,임정인,2024-10-03 19:48:46
a1a8c7dc-acdb-458d-88f6-3215fb77489f,최선,검색기준 옵션 체크해서 볼때 2열 송풍구 있고없고 여부도 체크가능하면 좋겠음. 렌트용도이력 있는차 없는차 조건설정해서 볼 수 있으면 좋겠음.,2,0,2024-10-02 18:49:22,안녕하세요. 엔카닷컴 입니다. 검색이 용이해질 수 있는 의견 감사합니다. 더욱 발전하는 엔카가 되도록 노력하겠습니다.,2024-10-04 10:07:37,6.7.8,Android,com.encar.encarMobileApp,2,최선,2024-10-02 18:49:22
6a32a1fb-8477-4527-8a47-6b05bca299cc,정윤자,중고싸이트최고입니다~,5,1,2024-10-02 17:50:31,,,6.7.7,Android,com.encar.encarMobileApp,5,정윤자,2024-10-02 17:50:31
