author,rating,title,content,updated
Friend052231,1,로그인창 무한반복,비밀번호 옳게입력해도 다시회원가입 창으로 무한반복되서 짜증나네요 고쳐주세요,2025-03-23 04:45:28-07:00
걷달,5,KB차차차! 으라차차차!,차량 유지에서 부터 관리 그리고 처분까지 아주 유용한 어플입니다 익일 번창하세요 KB차차차! 으라차차차!!,2025-03-22 05:23:07-07:00
138;₩,5,ㅓㅠ,",,",2025-03-13 17:55:47-07:00
미키미우스,5,좋아요,아주 좋아요,2025-03-12 02:19:03-07:00
유니워니맘83,5,KB차차차 최고,"중고차 시세도 알기쉽게 볼수있어서 
앱이 편하고 좋아요^^",2025-03-11 06:35:51-07:00
애교쪽,5,차차차,차차차 굿굿,2025-03-04 05:01:54-07:00
Arkimedes's,1,홈페이지,PC로 접속할 때 애플로 접속하는 칸을 찾을 수 없음 ㅡㅡ,2025-03-04 00:01:50-07:00
Jjgogo,5,최고에요^^,매번 선물을 주는 선물앱이네여^^ 선물 감사합니다.,2025-03-01 04:36:05-07:00
