reviewId,userName,content,score,thumbsUpCount,at,replyContent,repliedAt,platform,package_name,rating,author,updated
c5f5963c-9a6f-4cfb-bb16-053b10ab60df,김선호,다른 어플에 비해 너무 사용하기 편리하네요~ 사용자를 배려한 개발자분 칭찬해주고 싶네요.,5,0,2025-09-12 17:38:57,"안녕하세요 김선호 고객님. 앱을 쓰시면서 편리하다고 느껴주셨다니 뿌듯합니다~! 또 개발자분들까지 칭찬해주셔서 저희 팀 모두가 큰 힘을 얻습니다 :) 고객님 말씀처럼 앞으로도 사용자분들의 입장에서 세심하게 고민하고, 더 편리한 서비스로 보답할 수 있도록 노력하겠습니다. 따뜻한 후기 진심으로 감사드립니다!",2025-09-15 18:09:45,Android,kr.co.kbc.cha.android,5,김선호,2025-09-12 17:38:57
a9105f1b-b5e4-4e74-b3e7-3afd3d73b309,김미림,중고차 시세가 궁금해 검색하다 알게 되었네요. 차를 잘 모르지만 한 눈에 시세가 보이니 편리합니다. KB라 더 믿고 보게 되는듯 합니다.,5,0,2025-09-12 17:38:10,"안녕하세요 김미림 고객님. 중고차 시세를 알아보는 과정이 쉽지 않으실 텐데, 저희 KB차차차 앱이 한눈에 시세를 확인하실 수 있도록 도움이 되었다니 정말 기쁩니다 :) 말씀해주신 것처럼 자동차는 잘 알지 못하면 작은 가격 차이에도 부담이 크기 마련인데, 고객님께서 편리하게 보셨다니 저희가 추구하는 가치와도 꼭 맞아떨어지는 것 같아 뿌듯합니다!
‘KB라서 믿고 본다’는 말씀은 저희에게 가장 큰 응원이자 책임감이 됩니다. 앞으로도 고객님께서 안심하고 차량을 검색하고 비교하실 수 있도록 더욱 정확하고 신뢰할 수 있는 정보를 제공하겠습니다. 감사합니다!",2025-09-12 17:59:54,Android,kr.co.kbc.cha.android,5,김미림,2025-09-12 17:38:10
ed6c1a58-5ad9-419a-a411-b681be56c0b2,정미녕이,새차사긴 장롱면허라... 중고차알아보다 KB차차차 앱소개받고 깔았는데 쉽고 간편해서 좋네요 ^^,5,0,2025-09-12 15:27:56,"안녕하세요 정미녕이 고객님. 처음 차량을 알아보실 때는 생소한 절차와 용어 때문에 막막하실 수 있는데, KB차차차가 쉽고 간편하게 다가갔다니 저희도 보람을 느낍니다 :) KB차차차는 초보 운전자분도 부담 없이 이용하실 수 있도록 직관적이고 간단한 화면 구성을 지향하고 있습니다! 앞으로도 첫 경험부터 거래까지 든든한 가이드가 되어드릴 수 있도록 노력하겠습니다. 감사합니다!",2025-09-12 17:58:00,Android,kr.co.kbc.cha.android,5,정미녕이,2025-09-12 15:27:56
a77500b7-d112-437c-8f1a-93e7796f50e5,OY J,"알아보려고깔아서사용해봤는데, 원하는차량검색도편하고 상세해서 너무만족합니다",5,0,2025-08-29 23:57:56,"안녕하세요 OY J 고객님, KB차차차입니다. KB차차차 이용이 편리하셨나요? KB차차차에서는 내 차 팔기도! 사기도! 완전 편리하게 이용하실 수 있답니다~♥ 앞으로도 슬기로운 중고차 생활을 위해 KB차차차와 함께해주세요~!♥",2025-09-01 10:41:17,Android,kr.co.kbc.cha.android,5,OY J,2025-08-29 23:57:56
488887c2-f8ed-4234-8dec-52c31b7be84a,우유에치즈케익,보기편해서 좋네요 초보자라 다양한테마픽 맘에 들어요!!,5,0,2025-08-29 23:00:48,"안녕하세요 우유에치즈케익 고객님, KB 차차차입니다. 테마픽 서비스가 마음에 드신다니 기뻐요 :) KB차차차 정회원 딜러가 엄선한 스타급 중고차를 만날 수 있는 'KB스타픽'에도 많은 관심 부탁드려요! 고객님의 성원에 힘입어 다양한 이벤트 또한 진행되고 있으니 앞으로도 KB차차차 많은 관심과 이용 부탁 드립니다. 감사합니다♥",2025-09-01 10:39:57,Android,kr.co.kbc.cha.android,5,우유에치즈케익,2025-08-29 23:00:48
344d82b9-dd39-47a2-90c0-b4646d29cd60,유태종,너무 쉽고 정확한 시세를 볼 수 있어서 좋아요! 다른 앱보다 훨씬 편하네요,5,0,2025-08-29 20:48:51,"안녕하세요 유태종 고객님, KB 차차차입니다. 칭찬 감사드립니다♥ KB 차차차에서는 실거래 데이터를 기반으로 신뢰할 수 있는 똑똑한 AI 시세 정보를 제공해 드리고 있습니다! 앞으로도 중고차 거래에 도움이 되는 서비스로 더 많은 고객님을 만나 뵐 수 있도록 정진하겠습니다♥ 감사합니다.",2025-09-01 10:33:49,Android,kr.co.kbc.cha.android,5,유태종,2025-08-29 20:48:51
cdb4e766-8ad2-41ed-a131-676e88996f73,HYOSEONG KIM,KB차차차로 중고차량 매매했습니다. 헤0딜러와 금액 비교해서 좋은 조건이라 바로 결정했어요. 아주 만족스러운 거래였습니다.,5,0,2025-08-29 19:34:15,"안녕하세요 HYOSEONG KIM 고객님, KB차차차입니다. 소중한 의견 감사드립니다♥ KB차차차에서 중고차를 판매하셨군요! 만족스러운 거래를 하셨다니 저희도 기뻐요! :) 중고차 거래할 때 가격 비교는 필수죠! 합리적이고 편리한 차량 거래 경험을 제공해드리기 위해 앞으로도 최선을 다하겠습니다 감사합니다!",2025-09-01 09:29:50,Android,kr.co.kbc.cha.android,5,HYOSEONG KIM,2025-08-29 19:34:15
30659b3f-8bbb-437d-9aad-b56d819e8cb9,jiyoung kim,정회원만 확인 가능한 매물이 있어서 바로 삭제 했어요 지방 매물은 앱상 몇 개 없는데 정회원만 확인 가능하게 설정 되어있어서 이 앱을 사용할 필요성을 못 느꼈어요~,1,0,2025-08-29 17:06:23,"안녕하십니까, jiyoung kim님 KB차차차입니다. 우선 앱 이용에 불편을 드려서 죄송합니다. 차차차는 비회원의 경우라도 서비스를 자유로이 이용할 수 있습니다. 비회원으로 이용 도중 서비스 이용이 불가능하였다면 차차차 1:1문의함에 서비스 종류를 확인하시어 남겨주시면 명확한 확인이 가능하며 고객센터(1670-4777) 로 연락주시면 자세한 도움 드릴수 있을 것 같습니다. 보다 나은 서비스로 보답할 수 있도록 노력하겠습니다. 감사합니다.",2025-09-02 15:11:10,Android,kr.co.kbc.cha.android,1,jiyoung kim,2025-08-29 17:06:23
7c5cb373-6963-4b39-8741-7ed6f49151a3,다이어트뺀미,차 팔고 살 때 매물 많고 가격 비교하기 편해서 자주 봅니다. 사진도 많고 직관적이라 좋네요. 전체적으로는 중고차 거래할 때 제일 믿을 만한 앱 같아요.,5,0,2025-08-29 17:03:29,"안녕하세요 다이어트뺀미 고객님, KB차차차입니다. 칭찬 감사드립니다♥ 앱 사용이 편안하셨다니 정말 기뻐요! 특히 KB차차차가 제공하는 시세는 믿을 수 있는 AI 기반의 국민시세로 고객님께서 든든하게 이용하실 수 있습니다 :) 앞으로도 중고차 시세 조회는 물론 거래 고민까지 해결해드리는 차차차와 함께해주세요♥",2025-09-01 09:21:55,Android,kr.co.kbc.cha.android,5,다이어트뺀미,2025-08-29 17:03:29
f99bc093-c2f2-4563-9907-e60e8cf3f174,SR G,중고차 앱도 많고 걱정도 되는데 kb에서 운영하는 거라 신뢰도 가고 이용도 편리합니다.,5,0,2025-08-29 16:50:58,"안녕하세요 SR G 고객님, KB차차차입니다. 우선 소중한 리뷰 감사드립니다♥ 중고차 거래할 때 걱정이 많으시죠~! 그럴 땐 KB가 보증하는 KB차차차! 차차차를 믿고 이용해 주셔서 감사드리며 계속해서 더 나은 서비스를 제공하기 위해서 노력하겠습니다! 앞으로도 중고차 거래할 땐 차차차를 찾아주세요♥",2025-09-01 09:17:32,Android,kr.co.kbc.cha.android,5,SR G,2025-08-29 16:50:58
2ad12e7f-a34e-4d25-b4ce-d90270a19477,윤성민,좋아요 자주구경중 입니다,5,0,2025-08-29 16:43:57,"안녕하세요 윤성민 고객님, KB차차차입니다. 우선 KB차차차를 이용해주셔서 감사합니다♥ 고객님의 만족스러운 경험을 들으니 저희도 기뻐요! 앞으로도 보다 나은 서비스 제공을 위해 더욱 노력하는 KB차차차 될 것을 약속드립니다. 감사합니다. :)",2025-09-01 08:54:47,Android,kr.co.kbc.cha.android,5,윤성민,2025-08-29 16:43:57
98d94409-098c-4af5-a51f-940c8b9a0626,손준현,여기서 시세확인하고 차량관리 잘 쓰고있더용,5,0,2025-08-29 16:43:06,"안녕하세요 손준현 고객님, KB차차차입니다. 우선 소중한 리뷰 감사드립니다♥ 간편 회원가입 후 차량번호를 입력해주시면 내 차 시세 조회 및 내 차의 보험,사고이력 조회가 가능하며 놓치기 쉬운 차량관리 서비스를 알아서 차차차가 챙겨 드립니다. 고객님의 성원에 힘입어 다양한 이벤트 또한
진행되고 있으니 앞으로도 KB차차차 많은 관심과 이용 부탁 드립니다. 감사합니다♥",2025-08-29 17:59:23,Android,kr.co.kbc.cha.android,5,손준현,2025-08-29 16:43:06
400fc579-71d9-4037-a961-c05b6d414923,teemodaewi010,믿고쓰는 차차차 내 차 관리를 비롯해서 중고차 거래에 대해 믿고 사용할 수 있어 믿고 이용하는거 같습니다. 그리고 룰렛도 매일 돌리는 재미가 있어 꾸준히 접속하게 되네요ㅎ,5,0,2025-08-29 16:38:31,"안녕하세요 고객님. '믿고 쓰는 차차차'라는 말씀만으로도 큰 응원을 받은 기분입니다 ♥ 고객님께서 안심하고 편리한 차량 거래를 할 수 있도록 늘 노력하며, KB차차차가 단순한 중고차 플랫폼을 넘어 고객님의 일상 속 작은 즐거움 또한 전해드릴 수 있도록 늘 최선을 다해 달리겠습니다!",2025-09-11 17:13:09,Android,kr.co.kbc.cha.android,5,teemodaewi010,2025-08-29 16:38:31
77c732c3-2495-411e-b9a6-9e707253c778,네이처그린,너무 좋아요 쓰기 편해요,5,0,2025-08-29 16:24:45,"안녕하세요 네이처그린 고객님, KB차차차입니다. KB차차차 이용이 편리하셨나요? KB차차차에서는 내 차 팔기도! 사기도! 완전 편리하게 이용하실 수 있답니다~♥ 앞으로도 슬기로운 중고차 생활을 위해 KB차차차와 함께해주세요~!♥",2025-08-29 17:55:39,Android,kr.co.kbc.cha.android,5,네이처그린,2025-08-29 16:24:45
56b79b04-7e38-40d3-94c8-734d88f60a90,압구정최소희,굿 편리하고 간결한 어플입니다. 중고차 어플중 추천할만 합니다.,5,0,2025-08-29 16:08:09,"안녕하세요 압구정최소희 고객님, KB차차차입니다. 소중한 리뷰 칭찬 감사합니다 국내 최다 매물을 보유한 KB차차차에서는 편리한 검색기능도 함께 갖추어 원하시는 차량을
보다 쉽고 편리하게 찾아보실 수 있습니다!! 소중한 의견 감사드리고 보다 나은 서비스 제공을 위해
더욱 노력하는 KB차차차 될 것을 약속드립니다. 감사합니다. :)",2025-08-29 17:52:29,Android,kr.co.kbc.cha.android,5,압구정최소희,2025-08-29 16:08:09
a3a1ffda-0b2f-4374-98b5-bbefc2b739d6,이혜민,차가 두대라 바꿀때되면 항상시세확인필슈,5,0,2025-08-29 16:05:40,"안녕하세요 이혜민 고객님, KB차차차입니다. 소중한 리뷰 남겨주셔서 감사합니다♥
차량 2대를 보유하고 계시는 군요! 내차 사고, 팔기 모두 KB차차차에서 가능하니 앞으로도 자주 관심가져주실 거죠?
KB차차차가 제공하는 시세는 믿을 수 있는 AI 기반의 국민시세로 고객님께서 든든하게 이용하실 수 있습니다 :) 앞으로도 많은 관심 부탁드립니다. 감사합니다♥",2025-08-29 17:46:31,Android,kr.co.kbc.cha.android,5,이혜민,2025-08-29 16:05:40
477cf1f8-30b2-4d6a-aa6a-e6a802042c17,쿄쿄,좋은 중고차 정보 및 다양한 혜택 주네요,5,0,2025-08-29 16:03:53,"안녕하세요 쿄쿄 고객님, KB차차차입니다. 우선 소중한 리뷰 감사드립니다♥ 간편 회원가입 후 차량번호를 입력해주시면 내 차 시세 조회 및 내 차의 보험, 사고이력 조회가 가능하며 놓치기 쉬운 차량관리 서비스를 알아서 차차차가 챙겨 드립니다. 고객님의 성원에 힘입어 다양한 이벤트 또한
진행되고 있으니 앞으로도 KB차차차 많은 관심과 이용 부탁 드립니다. 감사합니다♥",2025-08-29 17:40:43,Android,kr.co.kbc.cha.android,5,쿄쿄,2025-08-29 16:03:53
d0627aa9-5e4a-44fb-8a84-1a964207f2ab,Junga Choi,차 시세를 간편하게 알 수 있고 내가 원하는 차량을 한눈에 비교해줘서 편리합니다!!,5,0,2025-08-29 16:03:50,"안녕하세요 Junga Choi 고객님, KB차차차입니다. 칭찬, 진심으로 감사드립니다♥ KB차차차는 고객님들께서 보다 쉽고 편리하게 중고차를
거래하실 수 있도록 다양한 서비스를 통해 도와드리고 있어요. 소중한 리뷰 감사드리고 앞으로도
KB차차차에 많은 사랑과 관심 부탁드립니다. 감사합니다♥",2025-08-29 17:36:46,Android,kr.co.kbc.cha.android,5,Junga Choi,2025-08-29 16:03:50
3e1942bf-fcbd-40bf-bc11-4c3b5c23e4d6,제이제이,ui부터 직관적이고 차테크에최적,5,0,2025-08-29 16:01:45,"안녕하세요, 제이제이 고객님 KB차차차입니다. 우선 소중한 리뷰 정말 감사드립니다!♥ KB차차차만의 '차테크' 서비스를 이용하고 만족하셨다니 저희도 기뻐요! 차테크 서비스에서 내 한도 조회하고~ 조회된 한도로 예산에 맞는 차량도 온라인을 통해 구매하실 수 있으니 자주 이용해주세요! 감사합니다!♥",2025-08-29 17:31:28,Android,kr.co.kbc.cha.android,5,제이제이,2025-08-29 16:01:45
7b5cf2d1-edd7-47ee-9bfe-adf713185a66,입닫고 빵이나 먹어,어플 평가 좋길래 중고차 사려고 방문 했더니 어김없이 허위매물유도 일산에서 수원까지 왕복 4시간 걸렸는데 너무 허탈하다,1,0,2025-08-29 14:50:04,"안녕하세요 고객님. 먼곳에서 귀한 걸음 해주셨는데 기대에 부응하지 못해 죄송한 마음입니다. KB차차차는 허위매물 등으로 소비자를 기망하는 딜러가 확인되면 강력한 주의조치를 주는 정책을 운영하고 있습니다. 허위 매물 유도에 대한 상세 내역을 KB차차차 1:1 문의함을 통해 상세히 등록해 주시거나 고객센터(1670-4777)를 통해 접수해주시면 해당 내용 조사를 통해 조치후 고객님께 조치내용을 전달드리도록 하겠습니다. 서비스 이용에 만족을 드리지 못한 점 사과드리며, 보다나은 서비스로 소비자 중심 경영을 실현하는 KB차차차가 되도록 꾸준히 개선해 나가겠습니다. 감사합니다.",2025-09-12 17:14:20,Android,kr.co.kbc.cha.android,1,입닫고 빵이나 먹어,2025-08-29 14:50:04
1f2506aa-6aac-433a-ab8a-d92b44f45e9c,김혜인,중고차 구매하고싶어서 다운받았는데 시세도 정확하고 믿음직스러워요,5,0,2025-08-22 22:09:01,"안녕하세요 고객님. 차를 산다는 건 정말 큰 결정이죠. 그런 중요한 순간에 KB차차차를 선택해 주셔서 진심으로 감사드립니다 ♥ 소중한 리뷰 감사드리며, 앞으로도 중고차 구매의 든든한 파트너로서 늘 고객님 곁에 있겠습니다!",2025-09-11 17:12:11,Android,kr.co.kbc.cha.android,5,김혜인,2025-08-22 22:09:01
411fc5e7-9c02-4d0e-8e17-0c0b1b62b12a,간간인,여러 정보를 볼수있어 좋아요,5,0,2025-08-22 22:00:59,"
안녕하세요 고객님, KB차차차입니다.
국내 최다 매물을 보유한 KB차차차에서는 편리한 검색기능도 함께 갖추어 원하시는 차량을 보다 쉽고 편리하게 찾아보실 수 있습니다!!
소중한 의견 감사드리고 보다 나은 서비스 제공을 위해 더욱 노력하는 KB차차차 될 것을 약속드립니다. 감사합니다. :)",2025-08-25 09:08:09,Android,kr.co.kbc.cha.android,5,간간인,2025-08-22 22:00:59
3a79a3d3-f104-4b79-80b7-faa2728d1251,한지우,중고차 알아볼때 너무 유용해요! 직접 발품안팔아도 앱으로 자세하게 알아볼수있어서 정말좋아요,5,0,2025-08-22 18:36:28,안녕하세요 고객님. 발품 팔지 않아도 되는 편리함! 바로 KB차차차가 전해드리고 싶은 경험이었어요~~ 고객님의 말씀 덕분에 저희가 가는 방향이 맞다는 확신이 듭니다! 앞으로도 더 유용하고 신뢰할 수 있는 서비스로 보답드릴게요!,2025-09-11 17:11:50,Android,kr.co.kbc.cha.android,5,한지우,2025-08-22 18:36:28
c686fd1d-d71a-4dee-81ca-5b157b8f982d,김문기,보기 편하고 쉬운 설명 좋습니다~~~,5,0,2025-08-22 18:17:47,"안녕하세요 고객님. 보기 편하고 쉬운 설명이 도움되 되셨다니 마음이 뿌듯해집니다. 자동차에 대해 잘 모르시는 분들도 KB차차차를 이용하시기 쉽고, 또 KB차차차에 머무르시는 시간이 의미있을 수 있도록 계속 노력하는 KB차차차가 되겠습니다^^",2025-09-11 17:11:38,Android,kr.co.kbc.cha.android,5,김문기,2025-08-22 18:17:47
dec815df-af32-44a0-a6c4-3191161f49f6,박주원,중고차 매매할 때 구체적이고 신뢰도 있는 정보가 있어 도움이 되고 매물이 많아 거래할 때 좋습니다^^,5,0,2025-08-22 18:06:45,안녕하세요 고객님. 말씀해주신 것처럼 중고차 매매에서 가장 중요한 것은 '신뢰할 수 있는 정보'와 '다양한 매물'이라고 생각합니다. 중고차를 매매하실 때 KB차차차가 언제나 든든한 나침반과 지도 같은 역할을 해드릴 수 있도록 늘 최선을 다하겠습니다. 감사합니다!,2025-09-11 17:11:24,Android,kr.co.kbc.cha.android,5,박주원,2025-08-22 18:06:45
73979edf-763b-4149-a88b-5e9ec2575572,조영남,차량이 많아서 보기좋아요~ 차 바꿀때 이용했어요~,5,0,2025-08-22 17:43:32,"안녕하세요 고객님. 고객님께서 차량을 바꾸실 때 저희 KB차차차를 이용해주셨다니, 저희에게는 더 없는 보람입니다. 다양한 매물을 제공하는 것은 저희가 가장 신경 쓰는 부분 중 하나인데, 고객님께서 만족해주셨다니 큰 힘이 되네요. 다음 번에도 차량을 바꾸실 때 가장 먼저 떠올리실 수 있는 KB차차차가 되도록 노력하겠습니다^^",2025-09-11 17:11:15,Android,kr.co.kbc.cha.android,5,조영남,2025-08-22 17:43:32
56fa6d52-fcdb-49d5-8beb-dfbb00d8928c,이정인,앱 포인트를 활용할 수 있는 마켓이 있으면 좋겠어요. 어플 자체는 편하고 좋습니다.,5,0,2025-08-22 17:42:20,안녕하세요 고객님. 고객님의 소중한 의견과 따뜻한 말씀 진심으로 감사드립니다. 말씀해 주신 의견은 저희가 서비스 개선에 적극 반영할 수 있도록 검토하여 더 알차고 만족스러운 KB차차차가 될 수 있도록 노력하겠습니다. 감사합니다!,2025-09-11 17:11:02,Android,kr.co.kbc.cha.android,5,이정인,2025-08-22 17:42:20
7f043a98-0d6d-4c7d-9583-621ec9aa18ba,구영아,KB 차차차❤역시 최고입니다^^ 자동차 앱인데 차차차라니 이름부터 귀에 때려박혀서 참신합니다 게다가 앱이 진짜 사용하기 편하게 쉽게 구성되었습니다 다채로운 이벤트도 자주있어서 안 쓸 이유가 없습니다❤ 무조건 칭찬합니다❤,5,4,2025-08-22 17:20:20,"안녕하세요 고객님. 이름부터 마음에 들어해주시고, 사용성과 이벤트까지 모두 칭찬해주시니 정말 감동입니다. 앞으로도 이름값 제대로, 고객님의 응원에 걸맞게 더 좋은 서비스로 보답드리겠습니다 ♥",2025-09-11 17:10:50,Android,kr.co.kbc.cha.android,5,구영아,2025-08-22 17:20:20
1a20ff33-dd41-42a9-8d77-64c0b2095ce5,손루키,다른 곧 보다 차량도 많고 믿을 수 있는 kb라서 차량을 구매할 때 믿음이 갑니다.,5,0,2025-08-22 16:44:43,"안녕하세요 고객님. KB차차차는 검증된 풍부한 매물과 신뢰할 수 있는 정보를 기반으로 고객님께 안심할 수 있는 중고차 거래 경험을 제공하고자 꾸준히 노력하고 있습니다. KB차차차를 이용해 주셔서 감사드리며, 앞으로도 믿고 찾을 수 있는 중고차 플랫폼으로 늘 곁에 있겠습니다^^",2025-09-11 17:10:37,Android,kr.co.kbc.cha.android,5,손루키,2025-08-22 16:44:43
ecf7e53a-b323-46fb-a218-50155d090f7c,지긍,차차차어플을 쓰면서 다양한 정보를 알수있었어요,5,0,2025-08-22 16:39:20,"안녕하세요 고객님. KB차차차를 통해 다양한 정보를 확인하실 수 있었다니 큰 보람을 느낍니다. KB차차차는 차량 시세, 매물, 금융, 관리까지 차량 생활 전반에 필요한 정보를 체계적으로 제공해 드리고자 노력하고 있습니다. 앞으로도 더 신뢰할 수 있고 유용한 정보로 고객님께 다가가도록 하겠습니다 ^^",2025-09-11 17:10:22,Android,kr.co.kbc.cha.android,5,지긍,2025-08-22 16:39:20
60b1b360-e886-4cb2-939e-e6e2eac0a312,로즈로즈,차 비교가 쉽고 다양한 매물이 있어서 중고차 매매에 도움이 많이 되는 믿고 보는 KB차차차,5,0,2025-08-22 16:35:33,안녕하세요 고객님. 차 비교도 쉽고 매물도 다양해서 도움이 되셨다니 정말 뿌듯합니다 ^^ 앞으로도 안심하고 편리하게 쓰실 수 있도록 더 열심히 달리겠습니다 ♥,2025-09-11 17:10:12,Android,kr.co.kbc.cha.android,5,로즈로즈,2025-08-22 16:35:33
7d3a927c-0934-487b-be51-51813f1e167a,동동글이,"KB 차차차는 “사용하기 쉽고, 원하는 매물을 바로 찾을 수 있어서 만족합니다. 추천합니다.” 어플 “깔끔한 디자인과 빠른 실행 속도가 마음에 듭니다.” “필요한 정보를 빠르게 확인할 수 있어 편리합니다",5,0,2025-08-22 16:24:42,"안녕하세요 고객님, KB차차차입니다. 차차차는 고객님들에게 최적의 사용성과 편리함을 제공하기 위해 노력하고 있습니다.
복잡한 어플은 이제 그만! 차차차 홈화면에서 간편하게 차량 검색, 내차 시세 조회, 내차 관리 등 차차차에서만 만날 수 있는 기능을 최대로 이용해보세요! 감사합니다.",2025-08-25 09:07:33,Android,kr.co.kbc.cha.android,5,동동글이,2025-08-22 16:24:42
7551f07a-23d0-4a8b-9dcb-890d3104a989,인터스텔라,타앱 대비 최적화 잘되어있고 kb 앱들과 비슷해서 쓰기 편해요,5,0,2025-08-22 16:15:04,안녕하세요 고객님. KB의 가족 앱 같은 느낌이 다가오셨다니 저희도 기쁩니다. 최적화까지 잘 되어 있다고 해주셔서 힘이 나네요. 앞으로도 KB의 감성에 차차차만의 편리함과 든든함을 더한 KB차차차가 되겠습니다. 감사합니다!,2025-09-11 17:09:54,Android,kr.co.kbc.cha.android,5,인터스텔라,2025-08-22 16:15:04
1e7315cd-936b-4ec7-a916-709c6120fe84,고영원,현시세 잘 비교할 수 있어서 좋습니다,5,0,2025-08-22 16:14:36,안녕하세요 고객님. 말씀해주신 것처럼 정확하고 신뢰할 수 있는 시세 비교 기능은 KB차차차가 가장 중요하게 생각하는 가치입니다. 앞으로도 고객님의 합리적인 선택을 도와드릴 수 있도록 더 정교하고 믿을 수 있는 정보를 제공해드리도록 노력하겠습니다. 감사합니다!,2025-09-11 17:09:36,Android,kr.co.kbc.cha.android,5,고영원,2025-08-22 16:14:36
4baa54a8-f14a-4b83-8f3c-dd9a060c80cd,bruce lee,믿고 쓰는 kb차차차입니다. UI가 처음 쓰는 사람에게도 시인성 좋게 되어있습니다. 다른 어플보다 손이 더갑니다 매물도좋고!,5,0,2025-08-22 16:12:22,"안녕하세요 고객님. UI와 매물까지 꼼꼼히 봐주셔서 감사합니다. 처음 쓰시는 분도 쉽고, 계속 쓰고 싶어지는 앱이 될 수 있도록 앞으로도 매물과 서비스 모두 최선을 다행 달려가겠습니다. 감사합니다!",2025-09-11 17:09:22,Android,kr.co.kbc.cha.android,5,bruce lee,2025-08-22 16:12:22
20f7c284-d8e2-4707-8074-e2d3f5a5fc50,변지훈,차량 가격을 쉽게 알아볼수있어서 좋고 구경할거리도 많아서 시간때우기 좋아요,5,0,2025-08-22 16:08:05,"안녕하세요 고객님. 차량 가격을 쉽게 확인하시고 둘러보는 재미까지 느끼셨다니, 큰 보람을 느낍니다. KB차차차는 신뢰할 수 있는 데이터와 폭넓은 매물 정보를 기반으로 고객님께 합리적인 선택과 즐거운 경험을 함께 드리고자 합니다. 앞으로도 즐거움과 전문성을 모두 갖춘 서비스로 고객님 곁에 함께하겠습니다. 감사합니다!",2025-09-11 17:07:12,Android,kr.co.kbc.cha.android,5,변지훈,2025-08-22 16:08:05
b1daa812-e89c-4401-93fd-5e6b73ef568e,징이,만족해용,5,0,2025-08-22 16:06:49,"안녕하세요 고객님, KB차차차입니다. 차차차는 고객님들에게 최적의 사용성과 편리함을 제공하기 위해 노력하고 있습니다.
복잡한 어플은 이제 그만! 차차차 홈화면에서 간편하게 차량 검색, 내차 시세 조회, 내차 관리 등 차차차에서만 만날 수 있는 기능을 최대로 이용해보세요! 감사합니다.",2025-08-25 09:07:21,Android,kr.co.kbc.cha.android,5,징이,2025-08-22 16:06:49
3a0d5d87-5d0f-4947-b8b0-079737b81bd4,zhirui lin,중고차 견적을 쉽게 받을수 있어 제차의 적정 가격을 알수 있어서 편리한 앱이라 생각합니다,5,0,2025-08-22 16:06:05,안녕하세요 고객님. 소중한 경험을 나눠주셔서 진심으로 감사드립니다. 말씀주신 것처럼 내 차의 적정가치를 쉽고 편리하게 확인하실 수 있도록 돕는 것이 KB차차차가 가장 중요하게 생각하는 부분 중에 하나 입니다. 앞으로도 더 정확하고 신뢰할 수 있는 정보를 드리기 위해 꾸준히 노력하는 KB차차차가 되겠습니다. 감사합니다!,2025-09-11 17:06:35,Android,kr.co.kbc.cha.android,5,zhirui lin,2025-08-22 16:06:05
33265ce6-81e2-48b1-9cb9-b69795d1a280,강태희,다양한 혜택과 이벤트가 잇어서 잘 이용하고 있어요,5,0,2025-08-22 16:06:00,안녕하세요 고객님. 이벤트와 혜택을 잘 이용하고 계시다니 준비한 저희도 뿌듯합니다^^ 앞으로도 고객님께 즐거움과 함께 실질적인 도움을 드릴 수 있는 중고차 플랫폼이 되도록 노력하겠습니다. 감사합니다!,2025-09-11 17:06:17,Android,kr.co.kbc.cha.android,5,강태희,2025-08-22 16:06:00
6d5207cb-3734-4855-8232-7839334f1143,이희민,다른곳이랑 비교해보고 견적내었는데 다른곳보다 좀 더 많이 나온것같아요 아쉬운점은 처리과정이 좀 느린편인거같아요,4,0,2025-08-22 16:04:17,"안녕하세요 고객님. 견적 부분에서는 만족하셨지만, 처리 과정에서 아쉬움을 드려 죄송합니다. 말씀해주신 피드백은 소중히 받아들여 더 신속하고 편리한 서비스를 제공할 수 있도록 개선해 나가겠습니다. 혹시 과정 중에 특히 불편하게 느끼셨던 부분이 있으셨다면 추가로 알려주시면 정말 큰 도움이 될 것 같습니다. 고객님의 의견을 반영해 더 빠르고 만족스러운 서비스로 발전해 나가겠습니다. 감사합니다!",2025-09-11 17:05:36,Android,kr.co.kbc.cha.android,4,이희민,2025-08-22 16:04:17
80e91d51-4d56-495c-a7a7-38c218d663fb,최은선,"중고차 살때 정말 유용합니다, 내차 시세는.물론 중고차 비교하는데 정말 수월하구요, 비대면 거래도 가능해서 지인들에게 추천했어요 !!",5,0,2025-08-22 16:02:38,안녕하세요 고객님. 중고차 거래가 필요하신 순간 KB차차차가 도움이 되었다는 말씀 저희에게도 큰 선물이에요. 지인분들께 추천까지 해주셔서 더 힘이 나네요. 앞으로도 믿고 사용하실 수 있는 중고차 플랫폼이 될 수 있도록 노력을 아끼지 않겠습니다. 많은 이용 부탁드립니다. 감사합니다!,2025-09-11 17:05:21,Android,kr.co.kbc.cha.android,5,최은선,2025-08-22 16:02:38
fe95f565-0ba8-4cc7-9bf9-0861790d1910,JS S,좋아요,5,0,2025-08-22 16:02:33,"안녕하세요 고객님. 짧지만 힘이 되는 말씀 감사합니다. 남겨주신 응원에 큰 보람을 느낍니다. 혹시 앞으로 KB차차차가 더 나아지면 좋겠다 싶은 부분이 있으시면 언제든 들려주세요. KB차차차는 항상 고객님의 의견을 기다리며, 고객님의 의견과 함께 달려가겠습니다! 감사합니다 ♥",2025-09-11 17:05:07,Android,kr.co.kbc.cha.android,5,JS S,2025-08-22 16:02:33
d79b6740-25e8-4a0f-b8e4-f05aa5bdc616,토토로,사용하기 편리하고 디자인이 좋네요,5,0,2025-08-22 16:01:46,안녕하세요 고객님. KB차차차를 편하게 쓰시고 보기에도 좋다고 해주시니 저희 마음까지 따뜻해졌습니다. 앞으로도 고객님 일상에 자연스럽게 도움이 될 수 있는 KB차차차가 되겠습니다! 감사합니다.,2025-09-11 17:04:47,Android,kr.co.kbc.cha.android,5,토토로,2025-08-22 16:01:46
ca2c933c-0470-490c-946c-3f0979310b5a,후루루룩맨,좋습니다,5,0,2025-08-22 16:01:40,안녕하세요 고객님. 좋다고 해주신 순간이 저희에게는 최고의 시동 버튼입니다. 앞으로도 신뢰와 편리함을 가득 안겨드릴 수 있도록 항상 노력하겠습니다. 앞으로도 많은 이용 부탁드립니다. 감사합니다!,2025-09-11 17:14:28,Android,kr.co.kbc.cha.android,5,후루루룩맨,2025-08-22 16:01:40
7f531bb9-157e-4c3d-96ca-e01bc997534e,와우,중고차매매할때 도움되는 어플,5,0,2025-08-22 16:01:22,안녕하세요 고객님. 중고차 매매는 사실 작은 차이에도 고민이 커지기 마련이죠. 저희 앱이 도움이 되셨다니 큰 힘이 됩니다. 차를 구매하기로 결심하신 순간부터 거래를 마무리 하는 순간까지 든든한 내비게이션 처럼 옆에서 안내해드릴 수 있도록 앞으로도 열심히 달려보겠습니다. 감사합니다^^,2025-09-11 17:14:39,Android,kr.co.kbc.cha.android,5,와우,2025-08-22 16:01:22
9ec5e2ad-1bcf-4c3c-9193-9de94b9704e5,ch park,좋아툐,5,0,2025-08-22 16:01:17,안녕하세요 고객님. 짧은 한 마디지만 고객님의 마음담긴 응원이 저희에겐 긴 여정을 달려나갈 수 있는 큰 원동력이 됩니다. 앞으로도 더 만족스러운 서비스로 보답드리겠습니다!,2025-09-11 17:14:52,Android,kr.co.kbc.cha.android,5,ch park,2025-08-22 16:01:17
b965ec6f-e03f-4d77-876e-b13ce3ce79d6,용용용,좋아요,5,0,2025-08-22 16:01:00,"안녕하세요 고객님. '좋다'라는 짧지만 강렬한 그 한 마디가 저희에게는 큰 힘이 됩니다. 고객님의 믿음에 보답할 수 있도록 더 쉽고, 신뢰할 수 있는 KB차차차가 되겠습니다!",2025-09-11 17:15:02,Android,kr.co.kbc.cha.android,5,용용용,2025-08-22 16:01:00
014a92e7-11c3-4d17-b8c1-c20fac750521,cuntk kuff,국가대표 중고차 사이트 차차차! ㅎㅇㅌ,5,0,2025-08-16 10:58:46,안녕하세요 고객님. 국가대표라는 응원을 들으니 마음이 뭉클해지네요. 응원해주신 덕분에 저희는 오늘도 내일도 늘 최선을 다하겠습니다. 감사합니다!,2025-09-11 17:15:16,Android,kr.co.kbc.cha.android,5,cuntk kuff,2025-08-16 10:58:46
d71cc287-1ec7-401c-83fe-76fdf73cc60d,이수아,앱 간편하고 잘 사용합니다 다양한 정보를 확인할 수있고 편리해서 넘 좋네요,5,0,2025-08-15 18:20:07,안녕하세요 고객님. 편리함과 다양한 정보를 동시에 전해드리고 싶었던 마음이 닿은 것 같아 운영자로서 정말 기쁘고 큰 보람을 느낍니다. 앞으로도 더욱 만족스러운 서비스로 보답드리겠습니다 ♥,2025-09-11 17:15:29,Android,kr.co.kbc.cha.android,5,이수아,2025-08-15 18:20:07
4de68de6-8c95-4254-a584-73bf59365c7e,이동호,KB차차차앱은 중고차 알아보기 편하고 유용한 기능을 많이 가지고 있어요. 추천합니다.,5,1,2025-08-15 17:42:38,"안녕하세요 고객님, KB차차차입니다. 소중한 리뷰 남겨주셔서 감사합니다. KB차차차는 무엇보다도 고객님께서 어렵게 느껴지는
중고차를 쉽고 편하게 거래하실 수 있도록 도와드리는 것을 목표로 하고 있습니다 :) 미션 콤플릿 할 때까지 옆에
꼭 있어주실거죠~? 간편하지만 든든한! 중고차 플랫폼 KB차차차가 되기 위해 열일하겠습니다. 앞으로도 많은 이용 부탁드립니다.
감사합니다!!",2025-08-25 09:06:31,Android,kr.co.kbc.cha.android,5,이동호,2025-08-15 17:42:38
379b9bb0-0c82-4187-9617-4a6ace652a83,MA JAEHUN,제 자동차 시세와 자산의 관리를 동시에 할 수 있는 혁신적인 앱이에요. 추천해요!!!!!!,5,0,2025-08-15 16:38:09,"안녕하세요 고객님. 시세 확인도, 자산 관리도 '한 번에' 가능하다는 게 KB차차차의 매력이죠! 이렇게 만족해 주시고 추천까지 해주시니 큰 힘이 됩니다! 앞으로도 '추천받을 만하다'라는 말이 계속 나올 수 있게 달려가겠습니다!!",2025-09-11 17:15:43,Android,kr.co.kbc.cha.android,5,MA JAEHUN,2025-08-15 16:38:09
0698d2e2-db51-42ec-9cb8-1cf3a103401d,유태근,"KB차차차는 중고차 매물 정보가 다양하고 사진과 상세설명이 잘 정리되어 있어 선택이 편했습니다. 가격 비교 기능과 시세 정보가 있어 합리적인 구매 판단에 도움이 됐습니다. 다만, 일부 차량 정보는 업데이트가 늦어 실제 판매 여부를 확인해야 하는 점이 아쉬웠습니다.",5,0,2025-08-15 16:23:02,안녕하세요 고객님. 소중한 경험을 자세히 전해주셔서 감사합니다. 매물 다양성과 시세 비교 기능이 도움이 되셨다니 큰 힘이 됩니다. 말씀해주신 차량 정보 업데이트 부분은 더욱 신속하고 정확하게 반영될 수 있도록 개선해 나가 더 신뢰할 수 있는 KB차차차가 될 수 있도록 노력하겠습니다. 감사합니다!,2025-09-11 17:15:56,Android,kr.co.kbc.cha.android,5,유태근,2025-08-15 16:23:02
94cdbc73-25bd-4e73-ae3b-7594f3e2daa4,백종찬,여기서 비교하면 다른곳보다 편하고 좋아요 ㅎㅎ 완전 추천해요,5,0,2025-08-15 16:19:48,안녕하세요 고객님. 중고차 비교는 역시 차차차! 이렇게 만족해 주시고 추천까지 해주시니 큰 응원이 됩니다. 고객님 곁에 더 든든한 서비스로 달려가겠습니다^^,2025-09-11 17:16:18,Android,kr.co.kbc.cha.android,5,백종찬,2025-08-15 16:19:48
fc239533-d0d3-4e0a-a1a2-5e2702002ccf,나는고양이있어,kb차차차를 통해 중고차 거래를 안심되게 할 수 있을거같아요 중고차 알아보기도 쉬워요,5,0,2025-08-15 16:13:14,안녕하세요 고객님. 중고차 거래는 무엇보다 신뢰가 가장 중요하죠! KB차차차가 든든한 동반자가 될 수 있도록 꾸준히 노력하겠습니다. 감사합니다 고객님^^,2025-09-11 17:16:27,Android,kr.co.kbc.cha.android,5,나는고양이있어,2025-08-15 16:13:14
c8d11424-bb26-4ed6-bb07-7ca52a7d56d2,김요셉,"제 차 시세 알아보려고 깔았는데, 너무 쉽고 정확하게 조회되길래 깜짝 놀랬어요. 신차 가격이랑 비교해서 감가 예상 시세까지 알려주니 좋더라구요. 앱 자체도 복잡하지 않고 첨 쓰는 사람도 헤매지 않게 직관적인게 맘에 들었어요. 중고차 거래 생각하시는 분들께 무조건 추천하고 싶어요!",5,33,2025-08-15 16:07:31,"안녕하세요 고객님. 정성 어린 말씀 진심으로 감사드립니다. 시세 조회와 감가 예상 시세, 직관적인 사용성까지 만족해 주셔서 큰 힘이 됩니다. 말씀해 주신 것처럼 중고차 거래에서 가장 중요한 건 '쉽고 정확한 정보'라고 생각합니다. 앞으로도 고객님께서 안심하고 이용하실 수 있도록 꾸준히 개선해 나가겠습니다. 감사합니다^^",2025-09-11 17:16:40,Android,kr.co.kbc.cha.android,5,김요셉,2025-08-15 16:07:31
c6abc225-b3a0-4c45-9561-db61b7590e4a,조한신,차정보 보기좋음 구매하지 않아도 정보많음,2,0,2025-08-15 16:06:38,안녕하세요 고객님. 차량 정보가 많아 도움이 되셨다니 정말 기쁩니다^^ 앞으로도 누구나 쉽게 비교하고 안심할 수 있도록 꼼꼼히! 챙기겠습니다. 감사합니다!,2025-09-11 17:29:41,Android,kr.co.kbc.cha.android,2,조한신,2025-08-15 16:06:38
3281733a-d3e4-4ef0-b592-2ed149881cca,돈이오브스져,차가 다양해서 좋고 가격도 저렴합니다 ㅎㅎ,5,0,2025-08-15 16:06:28,안녕하세요 고객님. 차값 비교가 쉬워야 진짜 차차차죠! 고객님 덕분에 더 힘내서 달려보겠습니다! 감사합니다^^,2025-09-11 17:11:58,Android,kr.co.kbc.cha.android,5,돈이오브스져,2025-08-15 16:06:28
7161ada4-7164-445c-8d78-5b8f793d6790,김기철,내 차 시세정보 및 관리에 있어서 보기 편하고 중고차 알아보기도 간편하고 좋아요!,5,0,2025-08-15 16:04:12,안녕하세요 고객님. 똑똑한 AI 시세정보와 내차관리 서비스가 역시 차차차의 큰 장점이죠! 고객님께서 해주신 칭찬이 큰 힘이 됩니다. KB차차차만의 장점이 더 잘 느껴지실 수 있도록 꾸준히 개선해 나가겠습니다. 감사합니다!,2025-09-11 17:11:46,Android,kr.co.kbc.cha.android,5,김기철,2025-08-15 16:04:12
52fe3813-1634-4f47-b790-5afa3151c046,성진홍,차량 시세비교가 용이합니다,5,0,2025-08-15 16:03:00,안녕하세요 고객님. 소중한 말씀 감사합니다. 고객님께서 편하게 시세를 비교하실 수 있도록 항상 정확하고 신뢰할 수 있는 정보를 제공해드리겠습니다. 감사합니다!,2025-09-11 17:11:31,Android,kr.co.kbc.cha.android,5,성진홍,2025-08-15 16:03:00
a69c8d38-4592-4395-98b9-4a97c17cfabd,희하,내 차 비교도 할 수 있고 커뮤니티가 잘 되어있습니다 중고차를 구매하거나 차종의 정보를 알 수 있게 잘 되어 있는 어플이라고 생각합니다,5,0,2025-08-15 16:03:00,안녕하세요 고객님. 따뜻한 리뷰 덕분에 KB차차차도 힘껏 달려갑니다! 언제나 든든한 드라이빙 파트너가 되어드릴게요!,2025-09-11 17:10:43,Android,kr.co.kbc.cha.android,5,희하,2025-08-15 16:03:00
1485a09b-39eb-420f-8713-0a05af67c23e,Seungmin nob,중고차 매매에 있어서 합리적이고 다양한 매물들을 많이 보유하고 있어 둘러보기 좋네요 인증도 되있으니 믿고 해볼만한 서비스라고 생각됩니다.,5,0,2025-08-15 16:02:58,안녕하세요 고객님. 따뜻한 마음 전해주셔서 정말 감사합니다. 고객님께서 차를 찾는 여정이 늘 즐겁고 편안할 수 있도록 더 노력하겠습니다! 감사합니다♥,2025-09-11 17:10:29,Android,kr.co.kbc.cha.android,5,Seungmin nob,2025-08-15 16:02:58
3f516e0d-57fa-4a90-a996-48537469c10c,서효진 (서하마),중고차 매매뿐만 아니라 다양한 차에 대한 관리! 그리고 믿을수 있는 KB를 통해 이용할 수 있는 어플입니다,5,0,2025-08-15 16:01:31,안녕하세요 고객님. 차량 관리부터 매매까지 믿고 이용할 수 있는 앱으로 봐주셔서 진심으로 감사합니다. 말씀해주신 신뢰에 보답할 수 있도록 더 편리하고 든든한 서비스로 발전해 나가는 KB차차차가 되겠습니다! 감사합니다!,2025-09-11 17:08:54,Android,kr.co.kbc.cha.android,5,서효진 (서하마),2025-08-15 16:01:31
a5105cb8-e26a-44bb-aa23-900f817d61a5,김희선,내차 시세를 빠르고 간편하게 조회해볼 수 있어 좋았어요,4,0,2025-08-08 17:35:56,안녕하세요 고객님. 간편하고 신속하게 내 차 시세를 확인하실 수 있었다는 말씀에 저희가 드리고자 한 가치가 잘 전해진 것 같아 뿌듯함을 느낍니다. KB차차차는 검증된 데이터를 토대로 신속하면서도 정확한 시세 산출을 위해 늘 노력하고 있습니다. 언제든 믿고 확인하실 수 있는 서비스가 되겠습니다!,2025-09-11 17:06:24,Android,kr.co.kbc.cha.android,4,김희선,2025-08-08 17:35:56
d877a345-75ec-4f30-ac11-15bb9ec6eb77,아가페,너무 좋습니다,5,0,2025-08-08 17:33:10,"안녕하세요 고객님, 따뜻한 말씀 정말 감사합니다. 고객님께서 '너무 좋다'고 느껴주신 순간이 저희에게는 큰 보람으로 느껴집니다. KB차차차를 통해 언제나 만족과 신뢰를 드릴 수 있도록 지속 노력해나가겠습니다. 감사합니다^^",2025-09-11 17:06:07,Android,kr.co.kbc.cha.android,5,아가페,2025-08-08 17:33:10
dfce58f6-d065-4f83-9393-56c63a2cb17b,SOOJIN PARK,내차팔기셀프시 계속 데이터오류로 진행이안됨. 지우고다시해도 안됨. 시간낭비. 다른 엔카나 이런데가날것같음.,1,0,2025-08-05 15:55:29,"안녕하세요 고객님, KB차차차 입니다. 저희 서비스를 이용하시던 중에 불편함을 느끼시게 해드려 대단히 죄송합니다. 불편함을 느끼셨음에도 불구하고 의견 남겨주심에 또한 감사드리며, 내차팔기 셀프 진행 시 보다 안정적이고 개선된 서비스를 제공해 드릴 수 있도록 노력하겠습니다. 기회가 되신다면 KB차차차를 다시 한 번 찾아주시길 소망합니다. 한 걸음 한 걸음 고객님 곁으로 다가가는 KB차차차가 되도록 노력하겠습니다. 감사합니다.",2025-09-11 17:05:54,Android,kr.co.kbc.cha.android,1,SOOJIN PARK,2025-08-05 15:55:29
543b9900-7632-45da-ad1e-f531a8c2ff46,ko ko,동시에 올린 3개의 앱중에 제일 엄청 꼼꼼하게 자세하게 차량 검진을 함 전문적으로 느껴져서 오히려 좋음 근데 하늘에 맹세코 차를 수리하거나 고친적이 전혀 없는데 뒷판이 교체된 흔적이 있다고 그렇게 올림 진짜ㅋㅋ너무 억울하고 당황;신차로 구매해서 3만도 타지않은 차고 타이어 엔진오일 교체 말고 수리를 한 적이 1도 없음; 타 업체 총 3개앱으로 검진해서 올린건데 여기서만 그렇게 판단내리고 가격도 젤 후려쳐짐 아무리 아니라고해도 자기가 보기엔 그래서 어쩔 수 없다고함 ㅋㅋ 진짜 어이가 없음 어차피 본인이 그렇게 검진했다는데 뭐 더이상 거론해봤자 의미도 없고 다른 앱도 올렸으니 그냥 날도 더운데 소모전 할 이유도 없어서 알았다고하고 경매 시작했는데 역시나 가격 후려쳐지고 결국 다른앱에서 판매진행 중이지만 사람하는 일이나 당연히 이런일 저런일 생길수도 있지만 진짜 이건 차가격에 너무 영향을 주는 부분이라 이런 실수가 일어나는건 좀 더 보완책이 필요할 듯,1,56,2025-08-02 21:37:15,"안녕하세요 고객님, KB차차차 입니다. 고객님께서 소중히 운행해오신 차량을 저희 KB차차차를 통해 판매 진행하시고자 하셨는데, 이런 불편함을 느끼게 해드려 너무 죄송합니다. 더불어 KB차차차의 개선을 위해 이렇게 상세히 리뷰 남겨주신데 대해 감사드립니다. 말씀주신 차량 검진 부분에 대해서는 실수나 오류가 없도록 관련 프로세스를 다시 한 번 확인하여 더 나은 서비스를 제공드릴 수 있도록 노력하겠습니다. 다시 한 번 KB차차차를 찾아주신다면 KB차차차를 통해 만족을 느끼실 수 있도록 언제나 노력하는 KB차차차가 되겠습니다. 고객님의 관심에 항상 감사드립니다!",2025-09-11 17:05:34,Android,kr.co.kbc.cha.android,1,ko ko,2025-08-02 21:37:15
6e8abadb-5f60-4d09-9321-f74253bd7cef,호피,"회원가입, 로그인, 아이디비번찾기 오류가 많음.",1,1,2025-07-22 14:45:01,"안녕하세요 고객님, KB차차차입니다. 우선 KB차차차 이용에 불편을 드려 대단히 죄송합니다.
오류가 발생할 경우 KB차차차 대표번호 1670-4777로 연락주시면 최선을 다해 도와드리도록 하겠습니다. 다시 한 번 이용에 불편을 드려 대단히 죄송합니다. 감사합니다.",2025-08-25 09:03:40,Android,kr.co.kbc.cha.android,1,호피,2025-07-22 14:45:01
04ed7829-943a-4169-88a6-cbceeb21fec3,그까이꺼,조금 제미없음,4,0,2025-07-20 02:03:28,"안녕하세요 고객님, KB차차차입니다. 우선 KB차차차 이용에 불편을 드려 대단히 죄송합니다.
오류가 발생할 경우 KB차차차 대표번호 1670-4777로 연락주시면 최선을 다해 도와드리도록 하겠습니다. 다시 한 번 이용에 불편을 드려 대단히 죄송합니다. 감사합니다.",2025-08-25 09:03:37,Android,kr.co.kbc.cha.android,4,그까이꺼,2025-07-20 02:03:28
da0c4317-bd4f-47fd-8e4b-f7fc6372dbe2,김순옥,처음뵙는데도 믿음이 가는 진솔한 만남였어요 만족했습니다,5,0,2025-07-19 07:43:00,"안녕하세요 고객님, KB차차차입니다. 차차차는 고객님들에게 최적의 사용성과 편리함을 제공하기 위해 노력하고 있습니다.
복잡한 어플은 이제 그만! 차차차 홈화면에서 간편하게 차량 검색, 내차 시세 조회, 내차 관리 등 차차차에서만 만날 수 있는 기능을 최대로 이용해보세요! 감사합니다.",2025-08-25 09:03:27,Android,kr.co.kbc.cha.android,5,김순옥,2025-07-19 07:43:00
e439668c-873b-4204-bcf1-bb794d19ccee,김성륜,차량을 보다가 로그인 했을때 보던 차량이 아닌 메인 화면으로 돌아가는게 과연 맞는것일까 고민해보시면 좋을것 같습니다,2,0,2025-07-06 22:09:58,"안녕하세요 고객님, KB차차차입니다. 우선 KB차차차 이용에 불편을 드려 대단히 죄송합니다.
오류가 발생할 경우 KB차차차 대표번호 1670-4777로 연락주시면 최선을 다해 도와드리도록 하겠습니다. 다시 한 번 이용에 불편을 드려 대단히 죄송합니다. 감사합니다.
",2025-08-25 09:03:19,Android,kr.co.kbc.cha.android,2,김성륜,2025-07-06 22:09:58
cf1a3e07-adc0-4685-a011-effe6c955bcc,RED HONG (RED),UI 디자인 누가함 도대체.... 00년대 필나네,3,0,2025-06-28 15:49:04,"안녕하세요 고객님, KB차차차입니다. 우선 KB차차차 이용에 불편을 드려 대단히 죄송합니다.
오류가 발생할 경우 KB차차차 대표번호 1670-4777로 연락주시면 최선을 다해 도와드리도록 하겠습니다. 다시 한 번 이용에 불편을 드려 대단히 죄송합니다. 감사합니다.",2025-08-25 09:03:13,Android,kr.co.kbc.cha.android,3,RED HONG (RED),2025-06-28 15:49:04
f5bb9405-5df7-4027-8e43-7085cf857c98,박세리,깔끔하고 유용해요~,5,0,2025-06-27 19:43:20,"안녕하세요 고객님, KB차차차입니다. 차차차는 고객님들에게 최적의 사용성과 편리함을 제공하기 위해 노력하고 있습니다.
복잡한 어플은 이제 그만! 차차차 홈화면에서 간편하게 차량 검색, 내차 시세 조회, 내차 관리 등 차차차에서만 만날 수 있는 기능을 최대로 이용해보세요! 감사합니다.",2025-08-25 09:03:05,Android,kr.co.kbc.cha.android,5,박세리,2025-06-27 19:43:20
7ee46917-b3e4-49e6-9b95-392366f6ca93,최성경,kb차차차 덕분에 중고차도 더 믿고 구매할 수 있을 것 같아요~,5,1,2025-06-27 17:20:35,"안녕하세요 고객님, KB차차차입니다. 차차차는 고객님들에게 최적의 사용성과 편리함을 제공하기 위해 노력하고 있습니다.
복잡한 어플은 이제 그만! 차차차 홈화면에서 간편하게 차량 검색, 내차 시세 조회, 내차 관리 등 차차차에서만 만날 수 있는 기능을 최대로 이용해보세요! 감사합니다.",2025-08-25 09:03:04,Android,kr.co.kbc.cha.android,5,최성경,2025-06-27 17:20:35
e11e3e4f-fa30-4cad-a370-6c6e928b7aa5,gu ggle,차를 중고로 매매할 수 있어서 좋아요. 깨끗하게 잘 쓰고 나서 다시 좋은 가격에 매도하여 다시 목돈을 마련할 기회가 되네요. 첫 차는 여기서 중고차로 사려구요. 좋은 구매 합니다~,5,0,2025-06-27 17:17:21,"안녕하세요 고객님, KB차차차입니다. 차차차는 고객님들에게 최적의 사용성과 편리함을 제공하기 위해 노력하고 있습니다.
복잡한 어플은 이제 그만! 차차차 홈화면에서 간편하게 차량 검색, 내차 시세 조회, 내차 관리 등 차차차에서만 만날 수 있는 기능을 최대로 이용해보세요! 감사합니다.",2025-08-25 09:03:01,Android,kr.co.kbc.cha.android,5,gu ggle,2025-06-27 17:17:21
0177619d-07b7-42b7-8d20-2c6d40b26247,멋쟁이신사,정말 잘 쓰고있는 앱입니다 차에 대한 많은 정보를 얻을 수 있고 깔끔한 앱 기동성으로 사용하기도 편하네요 차가 있으신 분들에게는 최고의 앱이고 앞으로도 자주 사용하게 될거같아요!,5,0,2025-06-27 16:53:32,"안녕하세요 고객님, KB차차차입니다. 차차차는 고객님들에게 최적의 사용성과 편리함을 제공하기 위해 노력하고 있습니다.
복잡한 어플은 이제 그만! 차차차 홈화면에서 간편하게 차량 검색, 내차 시세 조회, 내차 관리 등 차차차에서만 만날 수 있는 기능을 최대로 이용해보세요! 감사합니다.",2025-08-25 09:03:00,Android,kr.co.kbc.cha.android,5,멋쟁이신사,2025-06-27 16:53:32
24e035f3-4d9f-4b43-a93a-462ed6174aab,김용관,아주 잘쓰고있습니다,5,0,2025-06-27 16:38:49,"안녕하세요 고객님, KB차차차입니다. 차차차는 고객님들에게 최적의 사용성과 편리함을 제공하기 위해 노력하고 있습니다.
복잡한 어플은 이제 그만! 차차차 홈화면에서 간편하게 차량 검색, 내차 시세 조회, 내차 관리 등 차차차에서만 만날 수 있는 기능을 최대로 이용해보세요! 감사합니다.",2025-08-25 09:02:57,Android,kr.co.kbc.cha.android,5,김용관,2025-06-27 16:38:49
91084b4c-8851-46f4-b8d3-0fed816ad9be,김한별,중고차 거래앱으로 시세파악을 할 수 있어서 좋습니다 ㅎ,5,0,2025-06-27 16:26:22,"안녕하세요 고객님, KB차차차입니다. 차차차는 고객님들에게 최적의 사용성과 편리함을 제공하기 위해 노력하고 있습니다.
복잡한 어플은 이제 그만! 차차차 홈화면에서 간편하게 차량 검색, 내차 시세 조회, 내차 관리 등 차차차에서만 만날 수 있는 기능을 최대로 이용해보세요! 감사합니다.",2025-08-25 09:02:56,Android,kr.co.kbc.cha.android,5,김한별,2025-06-27 16:26:22
b14c2396-5486-434c-9d0e-287ce1992591,깡깡,kb차차차앱으로 중고차 거래를 간편하게 안전하게 할수 있어서 너무 좋아요 차량검색과 비교가 정확하고 편리합니다 강력 추천합니다,5,0,2025-06-27 16:25:18,"안녕하세요 고객님, KB차차차입니다. 차차차는 고객님들에게 최적의 사용성과 편리함을 제공하기 위해 노력하고 있습니다.
복잡한 어플은 이제 그만! 차차차 홈화면에서 간편하게 차량 검색, 내차 시세 조회, 내차 관리 등 차차차에서만 만날 수 있는 기능을 최대로 이용해보세요! 감사합니다.",2025-08-25 09:02:52,Android,kr.co.kbc.cha.android,5,깡깡,2025-06-27 16:25:18
09f803b9-bf59-43d6-aafe-100e91f96a06,백기철,앱 구성이 아주 좋습니다.,5,0,2025-06-27 16:16:14,"안녕하세요 고객님, KB차차차입니다. 차차차는 고객님들에게 최적의 사용성과 편리함을 제공하기 위해 노력하고 있습니다.
복잡한 어플은 이제 그만! 차차차 홈화면에서 간편하게 차량 검색, 내차 시세 조회, 내차 관리 등 차차차에서만 만날 수 있는 기능을 최대로 이용해보세요! 감사합니다.",2025-08-25 09:02:51,Android,kr.co.kbc.cha.android,5,백기철,2025-06-27 16:16:14
406ae669-de5d-46c6-923b-3ceb7d141eae,Google 사용자,좋아요!,5,0,2025-06-27 16:12:08,"안녕하세요 고객님, KB차차차입니다. 차차차는 고객님들에게 최적의 사용성과 편리함을 제공하기 위해 노력하고 있습니다.
복잡한 어플은 이제 그만! 차차차 홈화면에서 간편하게 차량 검색, 내차 시세 조회, 내차 관리 등 차차차에서만 만날 수 있는 기능을 최대로 이용해보세요! 감사합니다.",2025-08-25 09:02:49,Android,kr.co.kbc.cha.android,5,Google 사용자,2025-06-27 16:12:08
b92dd955-ea75-4bf8-9d99-da880072857c,겨리튜브,"다른 어플보다 구성이 잘되어있다. 나름 잘사용중이며 시세조회용으로도 좋다 굿 차량종류도 많고, 매물도 많아서 중고차 어플중 최고",5,1,2025-06-27 16:10:16,"안녕하세요 고객님, KB차차차입니다. 칭찬, 진심으로 감사드립니다 ^^ KB차차차는 고객님들께서 보다 쉽고 편리하게 중고차를
거래하실 수 있도록 다양한 서비스를 통해 도와드리고 있어요.
소중한 리뷰 감사드리고 앞으로도 KB차차차에 많은 사랑과 관심 부탁드립니다. 감사합니다",2024-06-07 18:55:41,Android,kr.co.kbc.cha.android,5,겨리튜브,2025-06-27 16:10:16
5089a5ae-9c4d-4334-b809-c3c8b3161b03,suu H,쉽게 비교해볼수있고 앱 사용하기도 편해요 다양한 이벤트도 있어서 좋아요,5,0,2025-06-27 16:06:21,"안녕하세요 고객님, KB차차차입니다. 칭찬, 진심으로 감사드립니다 ^^ KB차차차는 고객님들께서 보다 쉽고 편리하게 중고차를 거래하실 수 있도록 다양한 서비스를 통해 도와드리고 있어요. 소중한 리뷰 감사드리고 앞으로도 KB차차차에 많은 사랑과 관심 부탁드립니다. 감사합니다",2025-08-26 18:30:21,Android,kr.co.kbc.cha.android,5,suu H,2025-06-27 16:06:21
68f0f14c-9797-4264-86c6-aec6f8450002,한규태,예전에 비해 정말 좋아졌네요! 중고차 신뢰도 높이는데 많은 기여를한거같아요ㅎ,5,0,2025-06-27 16:06:10,"안녕하세요 고객님, KB차차차입니다. 칭찬, 진심으로 감사드립니다 ^^ KB차차차는 고객님들께서 보다 쉽고 편리하게 중고차를 거래하실 수 있도록 다양한 서비스를 통해 도와드리고 있어요. 소중한 리뷰 감사드리고 앞으로도 KB차차차에 많은 사랑과 관심 부탁드립니다. 감사합니다",2025-08-26 18:30:27,Android,kr.co.kbc.cha.android,5,한규태,2025-06-27 16:06:10
ab37b861-e829-45aa-b5d0-d8d66b124742,허준형,KB 차차차 어플은 혜택이 좋은 것 같아요!!,5,0,2025-06-27 16:05:19,"안녕하세요 고객님, KB차차차입니다. 칭찬, 진심으로 감사드립니다 ^^ KB차차차는 고객님들께서 보다 쉽고 편리하게 중고차를 거래하실 수 있도록 다양한 서비스를 통해 도와드리고 있어요. 소중한 리뷰 감사드리고 앞으로도 KB차차차에 많은 사랑과 관심 부탁드립니다. 감사합니다",2025-08-26 18:30:33,Android,kr.co.kbc.cha.android,5,허준형,2025-06-27 16:05:19
ccc63293-e0d8-4f39-bdc2-540ea11e2c76,이이동규,앱 ui가 깔끔하고 사용하기 간편해서 좋았어요. 원하는 차량 검색도 다양한 조건에 맞춰서 검색할 수 있는 점이 맘에듭니다!,5,0,2025-06-27 16:05:03,"안녕하세요 고객님, KB차차차입니다. 칭찬, 진심으로 감사드립니다 ^^ KB차차차는 고객님들께서 보다 쉽고 편리하게 중고차를 거래하실 수 있도록 다양한 서비스를 통해 도와드리고 있어요. 소중한 리뷰 감사드리고 앞으로도 KB차차차에 많은 사랑과 관심 부탁드립니다. 감사합니다",2025-08-26 18:30:39,Android,kr.co.kbc.cha.android,5,이이동규,2025-06-27 16:05:03
bf653ea7-9b9b-4098-8f82-e0fb1d82592d,쪼나무,중고차 살때 너무 좋아요!! 추천합니다,5,0,2025-06-27 16:04:31,"안녕하세요 고객님, KB차차차입니다. 칭찬, 진심으로 감사드립니다 ^^ KB차차차는 고객님들께서 보다 쉽고 편리하게 중고차를 거래하실 수 있도록 다양한 서비스를 통해 도와드리고 있어요. 소중한 리뷰 감사드리고 앞으로도 KB차차차에 많은 사랑과 관심 부탁드립니다. 감사합니다",2025-08-26 18:30:44,Android,kr.co.kbc.cha.android,5,쪼나무,2025-06-27 16:04:31
0ee43978-81b9-47be-b59d-e13a4d4f85b2,*채윤,잘 사용하고 있습니다~ 더 합리적인 가격이면 좋겠어요,5,0,2025-06-27 16:03:53,"안녕하세요 고객님, KB차차차입니다. 차차차는 고객님들에게 최적의 사용성과 편리함을 제공하기 위해 노력하고 있습니다.
복잡한 어플은 이제 그만! 차차차 홈화면에서 간편하게 차량 검색, 내차 시세 조회, 내차 관리 등 차차차에서만 만날 수 있는 기능을 최대로 이용해보세요! 감사합니다.",2025-08-27 08:44:11,Android,kr.co.kbc.cha.android,5,*채윤,2025-06-27 16:03:53
f503fd5f-f73f-4376-9335-41da4d59b9a7,전영주,"첫 차로는 중고차 사야지 하고 중고차 매물을 알아보고 구매하려고 가입했는데 어쩌다보니 신차 구매한 사람입니다. 신차여도 내 차 번호만 입력해놓으면 차고 안의 내 차 시세변동을 실시간으로 알려줘서 유용합니다. 특히나 차량검사일, 보험료, 나와 같은 차를 어떤 연령 성별이 타는지도 통계 내주는게 좋아요!! 거기다가 차량 소모품 교체 관리도 굿굿",5,9,2025-06-27 16:02:28,"안녕하세요 고객님, KB차차차입니다. 모니터가 왜이렇게 밝나 했더니 고객님 리뷰가 빛나고 있었네요_★ 그럼요그럼요! KB차차차를 깔고 ~ 나의 성공시대 시작됐따 ♬ KB차차차를 깔고 ~ 내가 찾는 차가 많아졌다 ♬ 국내 최다 매물을 보유한 KB차차차에서는 고객님께서 찾으시는 바로 그 차, 찾을 확률 업! 이 많은 매물 언제 다보지? 걱정하지마 nonono ~♬ 보다 편리해진 검색기능으로 원하는 차량만 쏙쏙 골라보실 수 있을 뿐 아니라 간단한 조건만 입력해주시면 딜러가 직접 믿을 수 있는 매물로 추천드리는 구해줘차차차 서비스도 이용하실 수 있으니 안심하고 편리하게 중고차 구매해보세요!",2023-08-29 10:41:32,Android,kr.co.kbc.cha.android,5,전영주,2025-06-27 16:02:28
cd6f2a2a-0d4c-4b42-963a-17ed703323ae,Kwangyeon Park,내차팔기 할때 빠르게 견적이 접수되어 한눈에 보기 쉬웠습니다,5,0,2025-06-27 16:01:45,"안녕하세요 고객님, KB차차차입니다. 차차차는 고객님들에게 최적의 사용성과 편리함을 제공하기 위해 노력하고 있습니다.
복잡한 어플은 이제 그만! 차차차 홈화면에서 간편하게 차량 검색, 내차 시세 조회, 내차 관리 등 차차차에서만 만날 수 있는 기능을 최대로 이용해보세요! 감사합니다.",2025-08-27 08:44:04,Android,kr.co.kbc.cha.android,5,Kwangyeon Park,2025-06-27 16:01:45
bb0fabd8-8d8a-4c25-9a44-fb99fdf26d22,옥수수맛콘,간편하게 차에 관한 정보들을 알 수 있어서 좋아요!,5,0,2025-06-27 16:01:36,"안녕하세요 고객님, KB차차차입니다. 차차차는 고객님들에게 최적의 사용성과 편리함을 제공하기 위해 노력하고 있습니다.
복잡한 어플은 이제 그만! 차차차 홈화면에서 간편하게 차량 검색, 내차 시세 조회, 내차 관리 등 차차차에서만 만날 수 있는 기능을 최대로 이용해보세요! 감사합니다.",2025-08-27 08:43:58,Android,kr.co.kbc.cha.android,5,옥수수맛콘,2025-06-27 16:01:36
d472faa4-9cd9-464f-b393-d66a442fc828,렐더,너무 쾌적한 앱경험이에요 빠르고 직관적이고 너무 좋습니다!!,5,0,2025-06-27 16:01:25,"안녕하세요 고객님, KB차차차입니다. 차차차는 고객님들에게 최적의 사용성과 편리함을 제공하기 위해 노력하고 있습니다.
복잡한 어플은 이제 그만! 차차차 홈화면에서 간편하게 차량 검색, 내차 시세 조회, 내차 관리 등 차차차에서만 만날 수 있는 기능을 최대로 이용해보세요! 감사합니다.",2025-08-27 08:43:52,Android,kr.co.kbc.cha.android,5,렐더,2025-06-27 16:01:25
854d2de9-6471-4dc0-b66c-f99f903a97d0,crazy boy,서비스탈퇴 들어가면 아무것도 클릭이안되서 탈퇴를 못함 무슨더러운 수작인지...,1,1,2025-06-23 18:29:09,"안녕하세요 고객님, KB차차차입니다. 우선 KB차차차 이용에 불편을 드려 대단히 죄송합니다.
오류가 발생할 경우 KB차차차 대표번호 1670-4777로 연락주시면 최선을 다해 도와드리도록 하겠습니다. 다시 한 번 이용에 불편을 드려 대단히 죄송합니다. 감사합니다.",2025-08-27 08:43:35,Android,kr.co.kbc.cha.android,1,crazy boy,2025-06-23 18:29:09
a133c12d-c53d-4b22-9d0c-d64ec2f2e837,기모찌콘,갤럭시s9 루팅한적이 없는데 실행이 안됨. 얼탱이 없네,1,0,2025-06-22 05:05:43,"안녕하세요 고객님, KB차차차입니다. 우선 KB차차차 이용에 불편을 드려 대단히 죄송합니다.
오류가 발생할 경우 KB차차차 대표번호 1670-4777로 연락주시면 최선을 다해 도와드리도록 하겠습니다. 다시 한 번 이용에 불편을 드려 대단히 죄송합니다. 감사합니다.",2025-08-27 08:43:28,Android,kr.co.kbc.cha.android,1,기모찌콘,2025-06-22 05:05:43
f77660ae-c193-458d-ac8d-53e876701d37,stop stop,잇지도 않은 마이데이터 이미 가입햇다 나오고 탈퇴도 핸폰 번호가 다르다면서 내맘대로 탈퇴도 안됨,1,0,2025-06-21 07:02:43,"안녕하세요 고객님, KB차차차입니다. 우선 KB차차차 이용에 불편을 드려 대단히 죄송합니다. 오류사항은 KB차차차 대표번호 1670-4777로 연락주시면 최선을 다해 도와드리도록 하겠습니다. 감사합니다.",2025-08-26 18:53:55,Android,kr.co.kbc.cha.android,1,stop stop,2025-06-21 07:02:43
501f575b-f814-4df2-8708-3c4916d53d3c,김진철,kb인증 중고차라서 조금이라도 더 믿고 비교하게 되는거 같아요. 차에 대해서 해박하지 않아도 쉽게 차량정보도 알 수 있어서 좋아요.,5,2,2025-06-20 21:34:04,"안녕하세요 고객님, KB차차차입니다.
국내 최다 매물을 보유한 KB차차차에서는 편리한 검색기능도 함께 갖추어 원하시는 차량을 보다 쉽고 편리하게 찾아보실 수 있습니다!!
소중한 의견 감사드리고 보다 나은 서비스 제공을 위해 더욱 노력하는 KB차차차 될 것을 약속드립니다. 감사합니다. :)",2025-08-27 08:43:14,Android,kr.co.kbc.cha.android,5,김진철,2025-06-20 21:34:04
fc2e30c7-b622-4124-ab2e-cc1b6421501d,A a010,편리하게 내 차 정보나 다른 중고차 상황을 알 수 있었어요. 매매할때 이용해 보려고 합니다.,5,0,2025-06-20 17:36:40,"안녕하세요 고객님, KB차차차입니다.
국내 최다 매물을 보유한 KB차차차에서는 편리한 검색기능도 함께 갖추어 원하시는 차량을 보다 쉽고 편리하게 찾아보실 수 있습니다!!
소중한 의견 감사드리고 보다 나은 서비스 제공을 위해 더욱 노력하는 KB차차차 될 것을 약속드립니다. 감사합니다. :)",2025-08-27 08:42:57,Android,kr.co.kbc.cha.android,5,A a010,2025-06-20 17:36:40
03ab724c-72d7-40a0-9d1b-f84265b3f02d,김준서,"중고차 매물 쉽지않은데, KB차차차 어플덕에 편하게 이용하고 있네요ㅎ KB라서 믿고 잘 사용하고 있습니다ㅎ 특히, 시세 기능 좋아요!!",5,0,2025-06-20 17:21:25,"안녕하세요 고객님, KB차차차입니다. 중고차 살 때, 이거 하나만 기억하세요. KB차차차! 국내 최다 매물 보유로 고객님 마음에 쏙 드는 차량을 찾을 확률은 업업! 팔아줘/직거래/구해줘/바꿔줘 등 고객님의 안전하고 편리한 중고차 거래생활을 도와드릴 다양한 서비스도 준비 완료! 게다가 이 모든 서비스 무료로 이용해보실 수 있으니 더욱 좋겠죠? 차량에 대한 다양한 정보는 물론 금융서비스까지 원스톱으로 이용하실 수 있으니 중고차 살땐, KB차차차만 기억해주세요! 소중한 의견 감사드리고 앞으로도 KB차차차에 많은 사랑과 관심 부탁드립니다. 감사합니다!",2020-11-25 16:42:40,Android,kr.co.kbc.cha.android,5,김준서,2025-06-20 17:21:25
22690e6d-8a1a-4407-b854-def936360055,호야,첫 중고차 어플인데 사용이 편하고 매물이 많아서 좋았습니다 ^^,5,0,2025-06-20 17:19:43,"안녕하세요 고객님, KB차차차입니다.
국내 최다 매물을 보유한 KB차차차에서는 편리한 검색기능도 함께 갖추어 원하시는 차량을 보다 쉽고 편리하게 찾아보실 수 있습니다!!
소중한 의견 감사드리고 보다 나은 서비스 제공을 위해 더욱 노력하는 KB차차차 될 것을 약속드립니다. 감사합니다. :)",2025-08-27 08:43:04,Android,kr.co.kbc.cha.android,5,호야,2025-06-20 17:19:43
13990785-95b9-40e6-82e3-9ebc42fbf064,갬스,엔카 허위와 성능 사기로 차차차 봤는데 역시나 여기도 성능기록 사기는 많네요,3,0,2025-06-20 16:43:11,"안녕하세요 고객님, KB차차차입니다. 우선 KB차차차 이용에 불편을 드려 대단히 죄송합니다.
남겨주신 리뷰 확인하여 빠르게 확인 및 조치 진행하고 있습니다. 앞으로 고객님의 이용에 불편함이 없도록 지속 모니터링 중이며, 보다 나은 서비스 제공을 위해 노력하겠습니다. 감사합니다.",2025-08-27 08:42:34,Android,kr.co.kbc.cha.android,3,갬스,2025-06-20 16:43:11
76ab787f-6b4b-4f4e-9a95-563e53fdd723,이하나,내차시세나 관심중고차 시세를 잘볼수있어서 편리합니다. 앱구동도 잘되어서 좋아요.,5,0,2025-06-20 16:34:02,"안녕하세요 고객님, KB차차차입니다. 소중한 리뷰 남겨주셔서 감사합니다.
간편하지만 든든함까지 챙기는 KB차차차!
기능은 간편하게~ 서비스는 든든하게~ 언제나 고객님의 입장에서 고민하는 KB차차차입니다 :)
앞으로도 믿고 사용하실 수 있는 유일한 중고차 플랫폼이 될 수 있도록 노력을 아끼지 않겠습니다. 많은 이용 부탁드립니다. 감사합니다!",2025-08-27 08:42:00,Android,kr.co.kbc.cha.android,5,이하나,2025-06-20 16:34:02
522e084d-41f1-44a4-aa4a-713bf6aed92c,고은희,중고차량 매매 알아보고 있는데 쉬운 인터페이스로 사용이 편리하고 내차시세도 정기적으로 안내를 해주는점이 마음에 들었습니다. 중고차 쉽게 거래할 수있는게 큰장점이네요.,5,1,2025-06-20 16:25:09,"안녕하세요 고객님, KB차차차입니다. 소중한 리뷰 남겨주셔서 감사합니다.
간편하지만 든든함까지 챙기는 KB차차차!
기능은 간편하게~ 서비스는 든든하게~ 언제나 고객님의 입장에서 고민하는 KB차차차입니다 :)
앞으로도 믿고 사용하실 수 있는 유일한 중고차 플랫폼이 될 수 있도록 노력을 아끼지 않겠습니다. 많은 이용 부탁드립니다. 감사합니다!",2025-08-27 08:41:57,Android,kr.co.kbc.cha.android,5,고은희,2025-06-20 16:25:09
c7ce7495-afbd-4f34-9dc8-e9dfc4628a71,이혜진,비교하기 쉬워서 좋아요.,5,0,2025-06-20 16:18:53,"안녕하세요 고객님, KB차차차입니다.
국내 최다 매물을 보유한 KB차차차에서는 편리한 검색기능도 함께 갖추어 원하시는 차량을 보다 쉽고 편리하게 찾아보실 수 있습니다!!
소중한 의견 감사드리고 보다 나은 서비스 제공을 위해 더욱 노력하는 KB차차차 될 것을 약속드립니다. 감사합니다. :)",2025-08-27 08:41:42,Android,kr.co.kbc.cha.android,5,이혜진,2025-06-20 16:18:53
8391b507-00d8-4437-bc69-38c5a8848230,DD DD,"최고의 자동차 비교 어플인거 같아요. 신뢰성도 높고, 허위매물도 실시간으로 관리해준대는게 느껴지네요. 강추드립니다!",5,0,2025-06-20 16:17:20,"안녕하세요 고객님, KB차차차입니다.
국내 최다 매물을 보유한 KB차차차에서는 편리한 검색기능도 함께 갖추어 원하시는 차량을 보다 쉽고 편리하게 찾아보실 수 있습니다!!
소중한 의견 감사드리고 보다 나은 서비스 제공을 위해 더욱 노력하는 KB차차차 될 것을 약속드립니다. 감사합니다. :)",2025-08-27 08:41:34,Android,kr.co.kbc.cha.android,5,DD DD,2025-06-20 16:17:20
9e35d273-d3f6-445c-9c7d-d0f1330284cd,윤솔,"KB차차차 앱은 너무 깔끔하고 사용하기 쉬워서 중고차 살 때 진짜 편리해요. 매물도 많고, 사진과 상세정보가 잘 정리되어 있어서 원하는 차량을 금방 찾을 수 있죠. KB진단 매니저가 직접 진단해 무사고 차량만 선별해주고 진단 영상까지 공개해서 신뢰도가 높아요. 시세 조회도 엄청 간편하고, AI 분석 그래프까지 지원해서 감가율도 쉽게 알 수 있습니다. 차량 판매할 때도 여러 딜러에게 견적 한 번에 받을 수 있어서 시간 절약 되고, 관리 기능까지 있어서 정말 추천하고 싶어요!",5,49,2025-06-20 16:14:42,"안녕하세요 고객님, KB차차차입니다.
국내 최다 매물을 보유한 KB차차차에서는 편리한 검색기능도 함께 갖추어 원하시는 차량을 보다 쉽고 편리하게 찾아보실 수 있습니다!!
소중한 의견 감사드리고 보다 나은 서비스 제공을 위해 더욱 노력하는 KB차차차 될 것을 약속드립니다. 감사합니다. :)",2025-08-27 08:41:30,Android,kr.co.kbc.cha.android,5,윤솔,2025-06-20 16:14:42
27c6a2b5-2a6f-41e7-bfe1-cffe6f010f6b,손정관,짱입니다용,5,0,2025-06-20 16:14:10,"안녕하세요 고객님, KB차차차입니다.
국내 최다 매물을 보유한 KB차차차에서는 편리한 검색기능도 함께 갖추어 원하시는 차량을 보다 쉽고 편리하게 찾아보실 수 있습니다!!
소중한 의견 감사드리고 보다 나은 서비스 제공을 위해 더욱 노력하는 KB차차차 될 것을 약속드립니다. 감사합니다. :)",2025-08-27 08:41:24,Android,kr.co.kbc.cha.android,5,손정관,2025-06-20 16:14:10
16dca30e-b698-43f4-bb8c-084426cee6a2,이경미,"KB차차차 앱 써보고 정말 만족했어요! 중고차 처음 알아보는 입장에선 뭐부터 시작해야 할지 막막했는데, 앱 안에서 차량 정보부터 조건 검색까지 한눈에 보기 쉽게 정리돼 있어서 너무 편하더라고요. 인터페이스도 깔끔하고 직관적이라 헤매지 않고 바로 원하는 차를 찾을 수 있었어요. 특히 KB라는 신뢰감이 있어서 더 안심하고 볼 수 있었고요. 앱 속도가 살짝 느릴 때만 개선되면 정말 완벽할 것 같아요. 저처럼 중고차 처음 알아보는 분들께 강력 추천해요! 부모님이나 친구가 알아본다 해도 전 KB차차차 먼저 알려줄 거예요🚗💛",5,60,2025-06-20 16:07:12,"안녕하세요 고객님, KB차차차입니다.
국내 최다 매물을 보유한 KB차차차에서는 편리한 검색기능도 함께 갖추어 원하시는 차량을 보다 쉽고 편리하게 찾아보실 수 있습니다!!
소중한 의견 감사드리고 보다 나은 서비스 제공을 위해 더욱 노력하는 KB차차차 될 것을 약속드립니다. 감사합니다. :)",2025-08-27 08:41:19,Android,kr.co.kbc.cha.android,5,이경미,2025-06-20 16:07:12
63f297ce-8771-4ea6-8a06-ea03a6b65e08,kartkart20,good good조아요,5,0,2025-06-20 16:05:41,"안녕하세요 고객님, KB차차차입니다.
국내 최다 매물을 보유한 KB차차차에서는 편리한 검색기능도 함께 갖추어 원하시는 차량을 보다 쉽고 편리하게 찾아보실 수 있습니다!!
소중한 의견 감사드리고 보다 나은 서비스 제공을 위해 더욱 노력하는 KB차차차 될 것을 약속드립니다. 감사합니다. :)",2025-08-27 08:41:08,Android,kr.co.kbc.cha.android,5,kartkart20,2025-06-20 16:05:41
a48c1882-3a57-4393-8f9f-90c1fa4f8c7d,심상권,어플이 직관적으로 보기 편하고 중고차 판매하게 된다면 적극적으로 사용할 예정입니다 추천합니다.,5,0,2025-06-20 16:05:00,"안녕하세요 고객님, KB차차차입니다.
국내 최다 매물을 보유한 KB차차차에서는 편리한 검색기능도 함께 갖추어 원하시는 차량을 보다 쉽고 편리하게 찾아보실 수 있습니다!!
소중한 의견 감사드리고 보다 나은 서비스 제공을 위해 더욱 노력하는 KB차차차 될 것을 약속드립니다. 감사합니다. :)",2025-08-27 08:41:02,Android,kr.co.kbc.cha.android,5,심상권,2025-06-20 16:05:00
a9c5533b-6828-43ff-a9ac-9b6692ed69a3,KS LEE,핸드폰 바꿔서 로그인하려면 기기등록해야한다고 하는데 인증하면 넘어가질 않네요. 보니까 저랑 같은 현상인 분들이 많네요.로그인도 안되는데 뭐 안쓰면 그만이죠.,1,0,2025-06-16 17:56:47,"안녕하세요 고객님, KB차차차입니다. 우선 KB차차차 이용에 불편을 드려 대단히 죄송합니다. 오류가 발생할 경우 KB차차차 대표번호 1670-4777로 연락주시면 최선을 다해 도와드리도록 하겠습니다. 다시 한 번 이용에 불편을 드려 대단히 죄송합니다. 감사합니다.",2025-08-27 08:40:40,Android,kr.co.kbc.cha.android,1,KS LEE,2025-06-16 17:56:47
8898c19f-cf75-4b0d-8320-333df5a1f8bc,jwm,로그인하고 기기등록 하려고 마이데이터 인증하면 화면이 멈추고 먹통돼요,1,0,2025-06-14 19:16:56,"안녕하세요 고객님, KB차차차입니다. 우선 KB차차차 이용에 불편을 드려 대단히 죄송합니다. 오류사항은 KB차차차 대표번호 1670-4777로 연락주시면 최선을 다해 도와드리도록 하겠습니다. 감사합니다.",2025-08-26 18:54:58,Android,kr.co.kbc.cha.android,1,jwm,2025-06-14 19:16:56
f5734b94-e1b0-4f0b-91a5-c49f34f00071,강동현,기기변경 로그인시 기기등록하라고하며 로그인 먹통됨,1,0,2025-06-14 17:18:09,"안녕하세요 고객님, KB차차차입니다. 우선 KB차차차 이용에 불편을 드려 대단히 죄송합니다. 오류가 발생할 경우 KB차차차 대표번호 1670-4777로 연락주시면 최선을 다해 도와드리도록 하겠습니다. 다시 한 번 이용에 불편을 드려 대단히 죄송합니다. 감사합니다.",2025-08-27 08:40:31,Android,kr.co.kbc.cha.android,1,강동현,2025-06-14 17:18:09
4c9d9946-693a-4b85-a805-aef7ccd709a8,함태현,약관동의 에서 안넘어감 그냥 ... 하지 말라는 앱임,1,0,2025-06-14 12:29:51,"안녕하세요 고객님, KB차차차입니다. 우선 KB차차차 이용에 불편을 드려 대단히 죄송합니다. 오류가 발생할 경우 KB차차차 대표번호 1670-4777로 연락주시면 최선을 다해 도와드리도록 하겠습니다. 다시 한 번 이용에 불편을 드려 대단히 죄송합니다. 감사합니다.",2025-08-27 08:40:27,Android,kr.co.kbc.cha.android,1,함태현,2025-06-14 12:29:51
97bb7c8c-69fc-4513-88be-b82f3cca79e6,uk kim,로그인후 새 기기에서 등록 하라고 해서 등록하면 흰화면만뜨고 아무것도 안됨,1,0,2025-06-14 08:22:06,"안녕하세요 고객님, KB차차차입니다. 우선 KB차차차 이용에 불편을 드려 대단히 죄송합니다. 오류가 발생할 경우 KB차차차 대표번호 1670-4777로 연락주시면 최선을 다해 도와드리도록 하겠습니다. 다시 한 번 이용에 불편을 드려 대단히 죄송합니다. 감사합니다.",2025-08-27 08:40:21,Android,kr.co.kbc.cha.android,1,uk kim,2025-06-14 08:22:06
0f652ea5-7c15-4f48-9e49-976fcd6a717a,s b,KB차차차는 중고차 매매나 내 차 견적을 상세하게 알려주고 각종 이벤트에도 참여할 수 있어 좋아요.,5,0,2025-06-13 22:09:52,"안녕하세요 고객님, KB차차차입니다. 소중한 리뷰 남겨주셔서 감사합니다. 간편하지만 든든함까지 챙기는 KB차차차! 기능은 간편하게~ 서비스는 든든하게~ 언제나 고객님의 입장에서 고민하는 KB차차차입니다 :) 앞으로도 믿고 사용하실 수 있는 유일한 중고차 플랫폼이 될 수 있도록 노력을 아끼지 않겠습니다. 많은 이용 부탁드립니다. 감사합니다!",2025-08-27 08:39:27,Android,kr.co.kbc.cha.android,5,s b,2025-06-13 22:09:52
fb1be5d0-afa2-499b-9469-584c29cd35ca,Woojeong Song,중고차에 대해 불확실한 정보가 너무 많은데 차종 등 상세한 조건으로 검색하고 비교해볼 수 있어 궁금한 점이 있을 때 자주 방문합니다. 다양한 이벤트도 하여 손길이 계속 가네요.,5,0,2025-06-13 21:19:58,"안녕하세요 고객님, KB차차차입니다. 소중한 리뷰 남겨주셔서 감사합니다. 간편하지만 든든함까지 챙기는 KB차차차! 기능은 간편하게~ 서비스는 든든하게~ 언제나 고객님의 입장에서 고민하는 KB차차차입니다 :) 앞으로도 믿고 사용하실 수 있는 유일한 중고차 플랫폼이 될 수 있도록 노력을 아끼지 않겠습니다. 많은 이용 부탁드립니다. 감사합니다!",2025-08-27 08:39:20,Android,kr.co.kbc.cha.android,5,Woojeong Song,2025-06-13 21:19:58
80cb01a6-0f00-471c-bb99-402c94da4fad,햐유야,직관적이어서 좋아요 이벤트도 많아요!,5,0,2025-06-13 21:00:16,"안녕하세요 고객님, KB차차차입니다. 차차차는 고객님들에게 최적의 사용성과 편리함을 제공하기 위해 노력하고 있습니다.
복잡한 어플은 이제 그만! 차차차 홈화면에서 간편하게 차량 검색, 내차 시세 조회, 내차 관리 등 차차차에서만 만날 수 있는 기능을 최대로 이용해보세요! 감사합니다.",2025-08-25 08:55:21,Android,kr.co.kbc.cha.android,5,햐유야,2025-06-13 21:00:16
99f2e143-66cf-4e47-a91e-284b6a4f6594,수희,"중고차 알아보면서 어플 을 알게되었는데, 초보자인 저한테 너무 친절한 어플이네요 차량의 모든걸 알수 있습니다. 나중에 타던 차도 판매가 가능해서 유용한 어플이 될거같아요",5,0,2025-06-13 19:20:37,"안녕하세요 고객님, KB차차차입니다. 차차차는 고객님들에게 최적의 사용성과 편리함을 제공하기 위해 노력하고 있습니다.
복잡한 어플은 이제 그만! 차차차 홈화면에서 간편하게 차량 검색, 내차 시세 조회, 내차 관리 등 차차차에서만 만날 수 있는 기능을 최대로 이용해보세요! 감사합니다.",2025-08-25 08:55:19,Android,kr.co.kbc.cha.android,5,수희,2025-06-13 19:20:37
1daa385c-8765-45a3-b140-94eb2061b7d8,JERRY song,중고차 시세조회부터 거래까지 절차가 쉽고 직관적이야서 편하네요,5,0,2025-06-13 19:08:04,"안녕하세요 고객님, KB차차차입니다. 차차차는 고객님들에게 최적의 사용성과 편리함을 제공하기 위해 노력하고 있습니다.
복잡한 어플은 이제 그만! 차차차 홈화면에서 간편하게 차량 검색, 내차 시세 조회, 내차 관리 등 차차차에서만 만날 수 있는 기능을 최대로 이용해보세요! 감사합니다.",2025-08-25 08:55:17,Android,kr.co.kbc.cha.android,5,JERRY song,2025-06-13 19:08:04
ac29b3f4-0a4a-43cb-bcdd-290a6bb143c1,wayne,"KB차차차 앱은 중고차 매물이 매우 풍부해 원하는 차종과 조건을 쉽게 찾을 수 있습니다. 시세 정보가 상세하고 투명하게 제공되어 가격 비교가 편리하고, 시장 동향 파악에도 큰 도움이 됐습니다. 특히 직거래 프로세스가 간단명료해서 초보자도 부담 없이 이용 가능합니다. 앱 인터페이스는 직관적이고 사용자 친화적이어서 매물 검색과 필터링이 매우 쉬웠습니다. 전반적으로 KB차차차는 중고차 구매를 고려하는 사람들에게 믿고 사용할 수 있는 훌륭한 플랫폼이라고 생각합니다.",5,68,2025-06-13 19:00:48,"안녕하세요 고객님, KB차차차입니다. 차차차는 고객님들에게 최적의 사용성과 편리함을 제공하기 위해 노력하고 있습니다.
복잡한 어플은 이제 그만! 차차차 홈화면에서 간편하게 차량 검색, 내차 시세 조회, 내차 관리 등 차차차에서만 만날 수 있는 기능을 최대로 이용해보세요! 감사합니다.",2025-08-25 08:55:15,Android,kr.co.kbc.cha.android,5,wayne,2025-06-13 19:00:48
5dfa2220-2043-42ec-91ad-91438ec78104,아키트윈,좋아요,5,0,2025-06-13 17:16:03,"안녕하세요 고객님, KB차차차입니다. 차차차는 고객님들에게 최적의 사용성과 편리함을 제공하기 위해 노력하고 있습니다.
복잡한 어플은 이제 그만! 차차차 홈화면에서 간편하게 차량 검색, 내차 시세 조회, 내차 관리 등 차차차에서만 만날 수 있는 기능을 최대로 이용해보세요! 감사합니다.",2025-08-25 08:55:12,Android,kr.co.kbc.cha.android,5,아키트윈,2025-06-13 17:16:03
f860c7f7-a366-4a13-b286-78a7d85d3d54,송재길,중고차 매매 관련 앱으로 최고입니다.,5,0,2025-06-13 16:52:40,"안녕하세요 고객님, KB차차차입니다. 차차차는 고객님들에게 최적의 사용성과 편리함을 제공하기 위해 노력하고 있습니다.
복잡한 어플은 이제 그만! 차차차 홈화면에서 간편하게 차량 검색, 내차 시세 조회, 내차 관리 등 차차차에서만 만날 수 있는 기능을 최대로 이용해보세요! 감사합니다.",2025-08-25 08:55:10,Android,kr.co.kbc.cha.android,5,송재길,2025-06-13 16:52:40
e98b5f05-d8ba-4c1b-8f75-184d53e7cace,박준선,중고차 관련해서 너무 유용해요! 보기 좋게 ui도 구성되어 있고 편해요. 추천드립니다!,5,1,2025-06-13 16:40:52,"안녕하세요 고객님, KB차차차입니다. 차차차는 고객님들에게 최적의 사용성과 편리함을 제공하기 위해 노력하고 있습니다.
복잡한 어플은 이제 그만! 차차차 홈화면에서 간편하게 차량 검색, 내차 시세 조회, 내차 관리 등 차차차에서만 만날 수 있는 기능을 최대로 이용해보세요! 감사합니다.",2025-08-25 08:55:08,Android,kr.co.kbc.cha.android,5,박준선,2025-06-13 16:40:52
f0641020-61a7-4732-bff5-4be6bd444ee9,허진,포인트로 더 많은 혜택이 있었으면 합니다,4,0,2025-06-13 16:31:19,"안녕하세요 고객님, KB차차차입니다. 차차차는 고객님들에게 최적의 사용성과 편리함을 제공하기 위해 노력하고 있습니다.
복잡한 어플은 이제 그만! 차차차 홈화면에서 간편하게 차량 검색, 내차 시세 조회, 내차 관리 등 차차차에서만 만날 수 있는 기능을 최대로 이용해보세요! 감사합니다.",2025-08-25 08:55:06,Android,kr.co.kbc.cha.android,4,허진,2025-06-13 16:31:19
8a3a30aa-72e0-429f-a0fc-e4abc0ef4f4d,전예손,편하고 여러 이벤트가 있어 좋아요,5,0,2025-06-13 16:25:30,"안녕하세요 고객님, KB차차차입니다. 차차차는 고객님들에게 최적의 사용성과 편리함을 제공하기 위해 노력하고 있습니다.
복잡한 어플은 이제 그만! 차차차 홈화면에서 간편하게 차량 검색, 내차 시세 조회, 내차 관리 등 차차차에서만 만날 수 있는 기능을 최대로 이용해보세요! 감사합니다.",2025-08-25 08:55:03,Android,kr.co.kbc.cha.android,5,전예손,2025-06-13 16:25:30
8562d23d-fcee-49a3-8914-bec6ac0ae955,우서요(IT준),차차차 중고차 검색 정확하고 빠르게 검색가능,5,0,2025-06-13 16:22:43,"안녕하세요 고객님, KB차차차입니다. 차차차는 고객님들에게 최적의 사용성과 편리함을 제공하기 위해 노력하고 있습니다.
복잡한 어플은 이제 그만! 차차차 홈화면에서 간편하게 차량 검색, 내차 시세 조회, 내차 관리 등 차차차에서만 만날 수 있는 기능을 최대로 이용해보세요! 감사합니다.",2025-08-25 08:55:01,Android,kr.co.kbc.cha.android,5,우서요(IT준),2025-06-13 16:22:43
f6303e2b-8e1a-4f5f-a567-48bbb9b7a834,일꿀,여기서 자동차 온라인으로 샀는데 소개도 잘되어있고 친절하게 응대해주셨습니다. 믿음직한곳입니다.!!,5,0,2025-06-13 16:15:21,"안녕하세요 고객님, KB차차차입니다. 차차차는 고객님들에게 최적의 사용성과 편리함을 제공하기 위해 노력하고 있습니다.
복잡한 어플은 이제 그만! 차차차 홈화면에서 간편하게 차량 검색, 내차 시세 조회, 내차 관리 등 차차차에서만 만날 수 있는 기능을 최대로 이용해보세요! 감사합니다.",2025-08-25 08:54:58,Android,kr.co.kbc.cha.android,5,일꿀,2025-06-13 16:15:21
a3bf3e21-7228-415c-a4f4-460136b69f24,콩보리,중고차매매할때 편리하고 내차팔때 유용하네요 kb차차차 좋아요,5,0,2025-06-13 16:11:24,"안녕하세요 고객님, KB차차차입니다. 차차차는 고객님들에게 최적의 사용성과 편리함을 제공하기 위해 노력하고 있습니다.
복잡한 어플은 이제 그만! 차차차 홈화면에서 간편하게 차량 검색, 내차 시세 조회, 내차 관리 등 차차차에서만 만날 수 있는 기능을 최대로 이용해보세요! 감사합니다.",2025-08-25 08:54:56,Android,kr.co.kbc.cha.android,5,콩보리,2025-06-13 16:11:24
dd319264-252d-4aad-88e4-460f81032f79,sw k,뭔가복잡해요.,3,0,2025-06-13 16:10:42,"안녕하세요 고객님, KB차차차입니다. 우선 KB차차차 이용에 불편을 드려 대단히 죄송합니다.
오류가 발생할 경우 KB차차차 대표번호 1670-4777로 연락주시면 최선을 다해 도와드리도록 하겠습니다. 다시 한 번 이용에 불편을 드려 대단히 죄송합니다. 감사합니다.",2025-08-25 08:54:49,Android,kr.co.kbc.cha.android,3,sw k,2025-06-13 16:10:42
984d0522-4d0b-4b87-8e90-9a361aeac91f,후하트,중고차를 쉽게 알아보고 타던 내차 견적까지 알수있어서 편리하고 다양한 혜택과 이벤트도 많이 진행해서 유용한 어플중 하나가 되었습니당 !! 차차차 늘 응원해요,5,0,2025-06-13 16:06:31,"안녕하세요 고객님, KB차차차입니다. 차차차는 고객님들에게 최적의 사용성과 편리함을 제공하기 위해 노력하고 있습니다.
복잡한 어플은 이제 그만! 차차차 홈화면에서 간편하게 차량 검색, 내차 시세 조회, 내차 관리 등 차차차에서만 만날 수 있는 기능을 최대로 이용해보세요! 감사합니다.",2025-08-25 08:54:39,Android,kr.co.kbc.cha.android,5,후하트,2025-06-13 16:06:31
d8eb549e-cf68-43a0-98d4-350c37e3ddec,밍고의편의점,KB에서 운영하는 KB차차차라서 믿음이 갑니다. 중고차를 알아보고 비교하는 입장에서 가장 중요한건 믿음입니다. 무엇보다 UI가 눈에 잘 들어와서 좋습니다.,5,1,2025-06-13 16:05:38,"안녕하세요 고객님, KB차차차입니다. 차차차는 고객님들에게 최적의 사용성과 편리함을 제공하기 위해 노력하고 있습니다.
복잡한 어플은 이제 그만! 차차차 홈화면에서 간편하게 차량 검색, 내차 시세 조회, 내차 관리 등 차차차에서만 만날 수 있는 기능을 최대로 이용해보세요! 감사합니다.",2025-08-25 08:54:37,Android,kr.co.kbc.cha.android,5,밍고의편의점,2025-06-13 16:05:38
12e29b85-6186-4515-b81c-9dd33db386ad,유다솜 (다롱),중고차 견적 비교가 잘 되어있어서 거래하기 좋아요!,5,0,2025-06-13 16:05:36,"안녕하세요 고객님, KB차차차입니다. 차차차는 고객님들에게 최적의 사용성과 편리함을 제공하기 위해 노력하고 있습니다.
복잡한 어플은 이제 그만! 차차차 홈화면에서 간편하게 차량 검색, 내차 시세 조회, 내차 관리 등 차차차에서만 만날 수 있는 기능을 최대로 이용해보세요! 감사합니다.",2025-08-25 08:54:35,Android,kr.co.kbc.cha.android,5,유다솜 (다롱),2025-06-13 16:05:36
763094ff-5b2d-4059-870a-1f1f602c674b,도토리,중고차에 대해 알아보려면 막막하고 믿음이 안가는데 kb차차차는 kb에서 운영하기도 하고 앱도 보기쉽게 되어있어서 초보자도 부담없이 접할 수 있어서 너무 좋아요.,5,1,2025-06-13 16:04:51,"안녕하세요 고객님, KB차차차입니다. 차차차는 고객님들에게 최적의 사용성과 편리함을 제공하기 위해 노력하고 있습니다.
복잡한 어플은 이제 그만! 차차차 홈화면에서 간편하게 차량 검색, 내차 시세 조회, 내차 관리 등 차차차에서만 만날 수 있는 기능을 최대로 이용해보세요! 감사합니다.",2025-08-25 08:54:32,Android,kr.co.kbc.cha.android,5,도토리,2025-06-13 16:04:51
0d7f6670-0b78-405b-be61-7a89d3816df7,희원,다른 앱들보단 사용하기 편합니당,5,0,2025-06-13 16:04:11,"안녕하세요 고객님, KB차차차입니다. 차차차는 고객님들에게 최적의 사용성과 편리함을 제공하기 위해 노력하고 있습니다.
복잡한 어플은 이제 그만! 차차차 홈화면에서 간편하게 차량 검색, 내차 시세 조회, 내차 관리 등 차차차에서만 만날 수 있는 기능을 최대로 이용해보세요! 감사합니다.",2025-08-25 08:54:31,Android,kr.co.kbc.cha.android,5,희원,2025-06-13 16:04:11
5b3955e0-84d7-4515-b0ca-a1b17f0c2a77,SH B,"자동차 시세 등 조회하기 편하고 비교하기도, 보기도 쉬워서 좋습니당ㅎㅎㅎ",5,0,2025-06-13 16:03:46,"안녕하세요 고객님, KB차차차입니다. 차차차는 고객님들에게 최적의 사용성과 편리함을 제공하기 위해 노력하고 있습니다.
복잡한 어플은 이제 그만! 차차차 홈화면에서 간편하게 차량 검색, 내차 시세 조회, 내차 관리 등 차차차에서만 만날 수 있는 기능을 최대로 이용해보세요! 감사합니다.",2025-08-25 08:54:29,Android,kr.co.kbc.cha.android,5,SH B,2025-06-13 16:03:46
552586bc-57b0-47ce-968a-d7914648e561,홀룔롤,정말 좋고 유용한 앱이네요. 추천합니다,5,0,2025-06-13 16:01:50,"안녕하세요 고객님, KB차차차입니다. 차차차는 고객님들에게 최적의 사용성과 편리함을 제공하기 위해 노력하고 있습니다.
복잡한 어플은 이제 그만! 차차차 홈화면에서 간편하게 차량 검색, 내차 시세 조회, 내차 관리 등 차차차에서만 만날 수 있는 기능을 최대로 이용해보세요! 감사합니다.",2025-08-25 08:54:28,Android,kr.co.kbc.cha.android,5,홀룔롤,2025-06-13 16:01:50
8af9679e-913d-4427-95bc-b34e18c2711a,정다운,내차견적내는거 할수있어서 너무편해요,5,0,2025-06-13 16:01:14,"안녕하세요 고객님, KB차차차입니다. 차차차는 고객님들에게 최적의 사용성과 편리함을 제공하기 위해 노력하고 있습니다.
복잡한 어플은 이제 그만! 차차차 홈화면에서 간편하게 차량 검색, 내차 시세 조회, 내차 관리 등 차차차에서만 만날 수 있는 기능을 최대로 이용해보세요! 감사합니다.",2025-08-25 08:54:24,Android,kr.co.kbc.cha.android,5,정다운,2025-06-13 16:01:14
e055daf6-b718-4706-b568-0cf3761dc215,임혁,딜러들 응답이 빨라요,5,0,2025-06-13 16:01:09,"안녕하세요 고객님, KB차차차입니다. 차차차는 고객님들에게 최적의 사용성과 편리함을 제공하기 위해 노력하고 있습니다.
복잡한 어플은 이제 그만! 차차차 홈화면에서 간편하게 차량 검색, 내차 시세 조회, 내차 관리 등 차차차에서만 만날 수 있는 기능을 최대로 이용해보세요! 감사합니다.",2025-08-25 08:54:22,Android,kr.co.kbc.cha.android,5,임혁,2025-06-13 16:01:09
b03852f1-8627-4d05-932e-02aba59010ec,신현실,로그인하라고하지만 되지않음 약관동의에서 계속 멈춤,1,0,2025-06-12 19:00:46,"안녕하세요 고객님, KB차차차입니다. 우선 KB차차차 이용에 불편을 드려 대단히 죄송합니다.
오류가 발생할 경우 KB차차차 대표번호 1670-4777로 연락주시면 최선을 다해 도와드리도록 하겠습니다. 다시 한 번 이용에 불편을 드려 대단히 죄송합니다. 감사합니다.",2025-08-25 08:54:15,Android,kr.co.kbc.cha.android,1,신현실,2025-06-12 19:00:46
5dbdedb4-bf63-4bbe-b6b8-6ba165edce4c,경돌이,기기등록 오류에서 폰 인증까지 다 했는데 그 다음 넘어가질 않아요,1,1,2025-06-09 07:36:14,"안녕하세요 고객님, KB차차차입니다. 우선 KB차차차 이용에 불편을 드려 대단히 죄송합니다.
오류가 발생할 경우 KB차차차 대표번호 1670-4777로 연락주시면 최선을 다해 도와드리도록 하겠습니다. 다시 한 번 이용에 불편을 드려 대단히 죄송합니다. 감사합니다.",2025-08-25 08:54:13,Android,kr.co.kbc.cha.android,1,경돌이,2025-06-09 07:36:14
59e5e0b2-6046-4e0b-b15e-0adab4eccaa3,구름구름해,뭔 자꾸 소유자명이 누락됐다고 안넘어가져서 어플 삭제함,1,0,2025-06-08 21:34:57,"안녕하세요 고객님, KB차차차입니다. 우선 KB차차차 이용에 불편을 드려 대단히 죄송합니다.
오류가 발생할 경우 KB차차차 대표번호 1670-4777로 연락주시면 최선을 다해 도와드리도록 하겠습니다. 다시 한 번 이용에 불편을 드려 대단히 죄송합니다. 감사합니다.",2025-08-25 08:54:05,Android,kr.co.kbc.cha.android,1,구름구름해,2025-06-08 21:34:57
7cd11135-b113-4647-b5dc-bde42b18afff,정정남,차 팔기에서 주소지 넣고 등록하면 왜 소유자명이 누락되었다고 나오나요? ㅡㅡ,1,0,2025-06-07 16:08:26,"안녕하세요 고객님, KB차차차입니다. 우선 KB차차차 이용에 불편을 드려 대단히 죄송합니다.
오류가 발생할 경우 KB차차차 대표번호 1670-4777로 연락주시면 최선을 다해 도와드리도록 하겠습니다. 다시 한 번 이용에 불편을 드려 대단히 죄송합니다. 감사합니다.",2025-08-25 08:53:49,Android,kr.co.kbc.cha.android,1,정정남,2025-06-07 16:08:26
7ce80f60-0f8c-4fc8-9de1-62fbb91419e2,chihoon kim,사회초년생이 중고차 정보를 어디서 얻어야하나 막막했는데 kb차차차에 잘 정리되있어서 좋아요!,5,0,2025-06-06 23:28:52,"안녕하세요 고객님, KB차차차입니다. 소중한 리뷰 남겨주셔서 감사합니다.
간편하지만 든든함까지 챙기는 KB차차차!
기능은 간편하게~ 서비스는 든든하게~ 언제나 고객님의 입장에서 고민하는 KB차차차입니다 :)
앞으로도 믿고 사용하실 수 있는 유일한 중고차 플랫폼이 될 수 있도록 노력을 아끼지 않겠습니다. 많은 이용 부탁드립니다. 감사합니다!",2025-08-25 08:53:41,Android,kr.co.kbc.cha.android,5,chihoon kim,2025-06-06 23:28:52
dabb3e3b-2c54-4a5a-bb20-c09cf3305aef,정순기,저렴한 가격의 품질좋은 차를 구매할 수있는것 같습니다. 다른 어플보다 시세도 저렴하고 믿음직해요,5,0,2025-06-06 21:16:49,"안녕하세요 고객님, KB차차차입니다. 소중한 리뷰 남겨주셔서 감사합니다.
간편하지만 든든함까지 챙기는 KB차차차!
기능은 간편하게~ 서비스는 든든하게~ 언제나 고객님의 입장에서 고민하는 KB차차차입니다 :)
앞으로도 믿고 사용하실 수 있는 유일한 중고차 플랫폼이 될 수 있도록 노력을 아끼지 않겠습니다. 많은 이용 부탁드립니다. 감사합니다!",2025-08-25 08:53:39,Android,kr.co.kbc.cha.android,5,정순기,2025-06-06 21:16:49
ddc50bea-e912-47fd-afda-3fb412f2d4c9,전성운,"차를 사고팔때 매우 유용하다고 느끼고있습니다. 성능, 가격 등을 손쉽게 비교할 수 있고, 앱이 잘 관리되고 있는듯해서 신뢰감도 생깁니다.",5,0,2025-06-06 20:26:45,"안녕하세요 고객님, KB차차차입니다. 소중한 리뷰 남겨주셔서 감사합니다.
간편하지만 든든함까지 챙기는 KB차차차!
기능은 간편하게~ 서비스는 든든하게~ 언제나 고객님의 입장에서 고민하는 KB차차차입니다 :)
앞으로도 믿고 사용하실 수 있는 유일한 중고차 플랫폼이 될 수 있도록 노력을 아끼지 않겠습니다. 많은 이용 부탁드립니다. 감사합니다!",2025-08-25 08:53:38,Android,kr.co.kbc.cha.android,5,전성운,2025-06-06 20:26:45
bc2e1327-2ee0-4563-8e3c-387857994773,만득이,내차 팔때는 역시 kb차차차죠?ㅎㅎ 앱 사용 편하고 유용한 것 같아서 애용하고 있습니다용:),5,0,2025-06-06 18:45:52,"안녕하세요 고객님, KB차차차입니다. 소중한 리뷰 남겨주셔서 감사합니다.
간편하지만 든든함까지 챙기는 KB차차차!
기능은 간편하게~ 서비스는 든든하게~ 언제나 고객님의 입장에서 고민하는 KB차차차입니다 :)
앞으로도 믿고 사용하실 수 있는 유일한 중고차 플랫폼이 될 수 있도록 노력을 아끼지 않겠습니다. 많은 이용 부탁드립니다. 감사합니다!",2025-08-25 08:53:37,Android,kr.co.kbc.cha.android,5,만득이,2025-06-06 18:45:52
35808d1e-e8f6-4674-bdd0-6f245b91611f,트랑옵다,편리하게 구매판매를 할수있어서 좋은거같습니다,5,0,2025-06-06 18:07:25,"안녕하세요 고객님, KB차차차입니다. 소중한 리뷰 남겨주셔서 감사합니다.
간편하지만 든든함까지 챙기는 KB차차차!
기능은 간편하게~ 서비스는 든든하게~ 언제나 고객님의 입장에서 고민하는 KB차차차입니다 :)
앞으로도 믿고 사용하실 수 있는 유일한 중고차 플랫폼이 될 수 있도록 노력을 아끼지 않겠습니다. 많은 이용 부탁드립니다. 감사합니다!",2025-08-25 08:53:34,Android,kr.co.kbc.cha.android,5,트랑옵다,2025-06-06 18:07:25
c7335619-c36e-4a9a-81ed-15bf86d61ad5,eun young seo (헛소리하면 짖어요),"직관적인 차가격 비교, 보기 좋아서 쓰기 편합니다.",5,0,2025-06-06 17:56:10,"안녕하세요 고객님, KB차차차입니다. 소중한 리뷰 남겨주셔서 감사합니다.
간편하지만 든든함까지 챙기는 KB차차차!
기능은 간편하게~ 서비스는 든든하게~ 언제나 고객님의 입장에서 고민하는 KB차차차입니다 :)
앞으로도 믿고 사용하실 수 있는 유일한 중고차 플랫폼이 될 수 있도록 노력을 아끼지 않겠습니다. 많은 이용 부탁드립니다. 감사합니다!",2025-08-25 08:53:33,Android,kr.co.kbc.cha.android,5,eun young seo (헛소리하면 짖어요),2025-06-06 17:56:10
93febe46-5c0b-41bb-8d5a-e2bee4a22e8c,박범철,매일마다 접속하는 어플입니다 중고차 가격 비교 하기 편리하고 내 차 판매가격도 쉽게 알 수가 있습니다 무엇보다 중고 물건들도 믿을만한 매물이고 다양한 이벤트들도 많이하여 정말 최고입니다,5,0,2025-06-06 17:11:57,"안녕하세요 고객님, KB차차차입니다. 소중한 리뷰 남겨주셔서 감사합니다.
간편하지만 든든함까지 챙기는 KB차차차!
기능은 간편하게~ 서비스는 든든하게~ 언제나 고객님의 입장에서 고민하는 KB차차차입니다 :)
앞으로도 믿고 사용하실 수 있는 유일한 중고차 플랫폼이 될 수 있도록 노력을 아끼지 않겠습니다. 많은 이용 부탁드립니다. 감사합니다!",2025-08-25 08:53:31,Android,kr.co.kbc.cha.android,5,박범철,2025-06-06 17:11:57
1f43175f-b609-4f26-9cfe-2af893393ad0,김찬규,"KB차차차 앱은 중고차 검색부터 견적 비교까지 한눈에 볼 수 있어 편리하고, 차량 정보도 상세해 신뢰가 갑니다. 추천해요!",5,0,2025-06-06 17:00:55,"안녕하세요 고객님, KB차차차입니다. 소중한 리뷰 남겨주셔서 감사합니다.
간편하지만 든든함까지 챙기는 KB차차차!
기능은 간편하게~ 서비스는 든든하게~ 언제나 고객님의 입장에서 고민하는 KB차차차입니다 :)
앞으로도 믿고 사용하실 수 있는 유일한 중고차 플랫폼이 될 수 있도록 노력을 아끼지 않겠습니다. 많은 이용 부탁드립니다. 감사합니다!",2025-08-25 08:53:26,Android,kr.co.kbc.cha.android,5,김찬규,2025-06-06 17:00:55
d775ec69-a25e-4174-b65d-08ac26eed04a,준이,정보 알기 좋아요,5,0,2025-06-06 16:48:23,"안녕하세요 고객님, KB차차차입니다. 소중한 리뷰 남겨주셔서 감사합니다.
간편하지만 든든함까지 챙기는 KB차차차!
기능은 간편하게~ 서비스는 든든하게~ 언제나 고객님의 입장에서 고민하는 KB차차차입니다 :)
앞으로도 믿고 사용하실 수 있는 유일한 중고차 플랫폼이 될 수 있도록 노력을 아끼지 않겠습니다. 많은 이용 부탁드립니다. 감사합니다!",2025-08-25 08:53:23,Android,kr.co.kbc.cha.android,5,준이,2025-06-06 16:48:23
9e2690a4-b2d3-4bd4-8a3c-edff8768e243,JW,편리하게 조화하고 비교할 수 있었어요 매물수도 많아요,5,0,2025-06-06 16:39:02,"안녕하세요 고객님, KB차차차입니다. 소중한 리뷰 남겨주셔서 감사합니다.
간편하지만 든든함까지 챙기는 KB차차차!
기능은 간편하게~ 서비스는 든든하게~ 언제나 고객님의 입장에서 고민하는 KB차차차입니다 :)
앞으로도 믿고 사용하실 수 있는 유일한 중고차 플랫폼이 될 수 있도록 노력을 아끼지 않겠습니다. 많은 이용 부탁드립니다. 감사합니다!",2025-08-25 08:53:19,Android,kr.co.kbc.cha.android,5,JW,2025-06-06 16:39:02
24957421-72fc-446c-8b33-f75b47a45900,Jaehun Jeong,적정가격선이 표시되는게 너무너무좋아요!,5,0,2025-06-06 16:27:00,"안녕하세요 고객님, KB차차차입니다. 소중한 리뷰 남겨주셔서 감사합니다.
간편하지만 든든함까지 챙기는 KB차차차!
기능은 간편하게~ 서비스는 든든하게~ 언제나 고객님의 입장에서 고민하는 KB차차차입니다 :)
앞으로도 믿고 사용하실 수 있는 유일한 중고차 플랫폼이 될 수 있도록 노력을 아끼지 않겠습니다. 많은 이용 부탁드립니다. 감사합니다!",2025-08-25 08:53:15,Android,kr.co.kbc.cha.android,5,Jaehun Jeong,2025-06-06 16:27:00
4e08a47c-4580-4627-91fc-67f6402ac6e5,채승욱,평소 애용하는 국민kb앱에서 중고차매매도 도와줘서 좋습니다^^ 정말 감사합니다!,5,1,2025-06-06 16:25:41,"안녕하세요 고객님, KB차차차입니다. 소중한 리뷰 남겨주셔서 감사합니다.
간편하지만 든든함까지 챙기는 KB차차차!
기능은 간편하게~ 서비스는 든든하게~ 언제나 고객님의 입장에서 고민하는 KB차차차입니다 :)
앞으로도 믿고 사용하실 수 있는 유일한 중고차 플랫폼이 될 수 있도록 노력을 아끼지 않겠습니다. 많은 이용 부탁드립니다. 감사합니다!",2025-08-25 08:53:12,Android,kr.co.kbc.cha.android,5,채승욱,2025-06-06 16:25:41
37d78190-3ab3-4b27-9a86-34d7158508fe,김인직,KB차차차 앱을 통해 중고차를 검색해봤는데 차량 정보가 아주 상세하게 나와 있어서 믿고 볼 수 있었어요. 성능점검기록부나 사고 이력 등 중요한 정보들이 한눈에 들어오고 매물 수도 많아서 선택의 폭이 넓어요. 무엇보다 KB라서 믿을 수 있네요.,5,0,2025-06-06 16:21:13,"안녕하세요 고객님, KB차차차입니다. 소중한 리뷰 남겨주셔서 감사합니다.
간편하지만 든든함까지 챙기는 KB차차차!
기능은 간편하게~ 서비스는 든든하게~ 언제나 고객님의 입장에서 고민하는 KB차차차입니다 :)
앞으로도 믿고 사용하실 수 있는 유일한 중고차 플랫폼이 될 수 있도록 노력을 아끼지 않겠습니다. 많은 이용 부탁드립니다. 감사합니다!",2025-08-25 08:53:10,Android,kr.co.kbc.cha.android,5,김인직,2025-06-06 16:21:13
835241bd-f76c-45d1-97d8-d228c90a2ecc,고고,중고차 사고팔때 가장 직관적인 플랫폼입니다. 가격설정도 합리적이어서 자주 이용하게됩니다.,5,0,2025-06-06 16:20:22,"안녕하세요 고객님, KB차차차입니다. 소중한 리뷰 남겨주셔서 감사합니다.
간편하지만 든든함까지 챙기는 KB차차차!
기능은 간편하게~ 서비스는 든든하게~ 언제나 고객님의 입장에서 고민하는 KB차차차입니다 :)
앞으로도 믿고 사용하실 수 있는 유일한 중고차 플랫폼이 될 수 있도록 노력을 아끼지 않겠습니다. 많은 이용 부탁드립니다. 감사합니다!",2025-08-25 08:53:08,Android,kr.co.kbc.cha.android,5,고고,2025-06-06 16:20:22
627a77a5-4acf-4ecb-8dd4-6f9d6b0cd6d3,Yoonseo Oh,궁금한점들이 보기좋게 나열되어있어 사용이 편리합니다. 시세가 궁금했는데 해결되었어요.,5,0,2025-06-06 16:17:45,"안녕하세요 고객님, KB차차차입니다. 소중한 리뷰 남겨주셔서 감사합니다.
간편하지만 든든함까지 챙기는 KB차차차!
기능은 간편하게~ 서비스는 든든하게~ 언제나 고객님의 입장에서 고민하는 KB차차차입니다 :)
앞으로도 믿고 사용하실 수 있는 유일한 중고차 플랫폼이 될 수 있도록 노력을 아끼지 않겠습니다. 많은 이용 부탁드립니다. 감사합니다!",2025-08-25 08:53:05,Android,kr.co.kbc.cha.android,5,Yoonseo Oh,2025-06-06 16:17:45
57d41ae4-357a-4282-981d-7d1926fab934,하양송이,차차차 잘 이용하고있어요 중고차 거래앱중에 제일 보기도 편하고 이용하기 쉽게 메뉴가 되어있어요~매일 즉당 룰렛 돌리는 재미도 쏠쏠,5,0,2025-06-06 16:17:24,"안녕하세요 고객님, KB차차차입니다. 소중한 리뷰 남겨주셔서 감사합니다.
간편하지만 든든함까지 챙기는 KB차차차!
기능은 간편하게~ 서비스는 든든하게~ 언제나 고객님의 입장에서 고민하는 KB차차차입니다 :)
앞으로도 믿고 사용하실 수 있는 유일한 중고차 플랫폼이 될 수 있도록 노력을 아끼지 않겠습니다. 많은 이용 부탁드립니다. 감사합니다!",2025-08-25 08:53:03,Android,kr.co.kbc.cha.android,5,하양송이,2025-06-06 16:17:24
01073648-0ca2-4e83-9397-f2977e46c2f1,acid lo,차차차 앱 사용이 편리하고 검색하기도 쉽네요,5,0,2025-06-06 16:16:42,"안녕하세요 고객님, KB차차차입니다. 소중한 리뷰 남겨주셔서 감사합니다.
간편하지만 든든함까지 챙기는 KB차차차!
기능은 간편하게~ 서비스는 든든하게~ 언제나 고객님의 입장에서 고민하는 KB차차차입니다 :)
앞으로도 믿고 사용하실 수 있는 유일한 중고차 플랫폼이 될 수 있도록 노력을 아끼지 않겠습니다. 많은 이용 부탁드립니다. 감사합니다!",2025-08-25 08:53:00,Android,kr.co.kbc.cha.android,5,acid lo,2025-06-06 16:16:42
12418b7f-405a-4123-9295-edffcb061628,Songi Chae,중고차 시세 보기도 좋고 내가 관심있어하는 매물대를 보기가 좋아요. 이벤트도 쏠쏠해서 자주 들여다보게 되는 앱입니다.,5,0,2025-06-06 16:08:42,"안녕하세요 고객님, KB차차차입니다. 소중한 리뷰 남겨주셔서 감사합니다.
간편하지만 든든함까지 챙기는 KB차차차!
기능은 간편하게~ 서비스는 든든하게~ 언제나 고객님의 입장에서 고민하는 KB차차차입니다 :)
앞으로도 믿고 사용하실 수 있는 유일한 중고차 플랫폼이 될 수 있도록 노력을 아끼지 않겠습니다. 많은 이용 부탁드립니다. 감사합니다!",2025-08-25 08:52:55,Android,kr.co.kbc.cha.android,5,Songi Chae,2025-06-06 16:08:42
be1db708-eefa-4028-8990-b77fcf29f830,우리집미니,"Kb국민은행 어플에서 차차차 중고차 매매를 보고 괜찮은거 같아서 앱을 받았어요 은행에서 관리한다는 점과 보기 쉽게 차량 매매가 나와서 앞으로도 자주 이용할꺼 같네요! 그리고 이벤트도 자주하고, 선택할수 있는 차가 많아서 앞으로도 쭈욱 앱이 유지가 되었스면 좋겠습니다♡",5,4,2025-06-06 16:08:41,"안녕하세요 고객님, KB차차차입니다. 소중한 리뷰 남겨주셔서 감사합니다.
간편하지만 든든함까지 챙기는 KB차차차!
기능은 간편하게~ 서비스는 든든하게~ 언제나 고객님의 입장에서 고민하는 KB차차차입니다 :)
앞으로도 믿고 사용하실 수 있는 유일한 중고차 플랫폼이 될 수 있도록 노력을 아끼지 않겠습니다. 많은 이용 부탁드립니다. 감사합니다!",2025-08-25 08:52:53,Android,kr.co.kbc.cha.android,5,우리집미니,2025-06-06 16:08:41
eb05ecc7-25fd-4a18-82fa-5170904bb7d2,오광택,내차팔때 비교도할수있고 어플 이용하기 너무편리합니다.,5,0,2025-06-06 16:08:09,"안녕하세요 고객님, KB차차차입니다. 소중한 리뷰 남겨주셔서 감사합니다. KB차차차는 무엇보다도 고객님께서 어렵게 느껴지는
중고차를 쉽고 편하게 거래하실 수 있도록 도와드리는 것을 목표로 하고 있습니다 :) 미션 콤플릿 할 때까지 옆에
꼭 있어주실거죠~? 간편하지만 든든한! 중고차 플랫폼 KB차차차가 되기 위해 열일하겠습니다. 앞으로도 많은 이용 부탁드립니다.
감사합니다!!",2025-08-25 08:52:45,Android,kr.co.kbc.cha.android,5,오광택,2025-06-06 16:08:09
924544f8-3f44-4855-96cf-34386fe8367e,한화현,"어플 하나하나에 세심한 배려가 느껴지고, 사용자의 입장에서 얼마나 고민했는지가 느껴지는 앱이에요. 보기 편하고, 원하는 정보나 기능을 금방 찾을 수 있어서 정말 만족스럽습니다.",5,0,2025-06-06 16:06:13,"안녕하세요 고객님, KB차차차입니다. 소중한 리뷰 남겨주셔서 감사합니다. KB차차차는 무엇보다도 고객님께서 어렵게 느껴지는
중고차를 쉽고 편하게 거래하실 수 있도록 도와드리는 것을 목표로 하고 있습니다 :) 미션 콤플릿 할 때까지 옆에
꼭 있어주실거죠~? 간편하지만 든든한! 중고차 플랫폼 KB차차차가 되기 위해 열일하겠습니다. 앞으로도 많은 이용 부탁드립니다.
감사합니다!!",2025-08-25 08:52:40,Android,kr.co.kbc.cha.android,5,한화현,2025-06-06 16:06:13
f9fa9ba1-f4ce-41c2-8272-4f50c23f98ec,Yeonkyeong Bae,중고차 정보 한눈에 보기 좋고 차량비교기능이 편하네요!! 앱 속도도 빠르고 안정적이라 좋습니다,5,1,2025-06-06 16:05:46,"안녕하세요 고객님, KB차차차입니다. 소중한 리뷰 남겨주셔서 감사합니다. KB차차차는 무엇보다도 고객님께서 어렵게 느껴지는
중고차를 쉽고 편하게 거래하실 수 있도록 도와드리는 것을 목표로 하고 있습니다 :) 미션 콤플릿 할 때까지 옆에
꼭 있어주실거죠~? 간편하지만 든든한! 중고차 플랫폼 KB차차차가 되기 위해 열일하겠습니다. 앞으로도 많은 이용 부탁드립니다.
감사합니다!!",2025-08-25 08:52:38,Android,kr.co.kbc.cha.android,5,Yeonkyeong Bae,2025-06-06 16:05:46
142b1561-bfe3-4755-ad12-b57ac1cc716c,쀼우,내차 시세에 대해서도 알수있고 알아보고 싶은 중고차를 조건별로 검색해서 확인하기 편하게 되어있어요 직관적으로 사용하기에도 좋아서 중고차 알아볼때 적극적으로 활용해볼 생각입니다 중고차매매 어플로 추천해요!!!,5,0,2025-06-06 16:04:20,"안녕하세요 고객님, KB차차차입니다. 소중한 리뷰 남겨주셔서 감사합니다. KB차차차는 무엇보다도 고객님께서 어렵게 느껴지는
중고차를 쉽고 편하게 거래하실 수 있도록 도와드리는 것을 목표로 하고 있습니다 :) 미션 콤플릿 할 때까지 옆에
꼭 있어주실거죠~? 간편하지만 든든한! 중고차 플랫폼 KB차차차가 되기 위해 열일하겠습니다. 앞으로도 많은 이용 부탁드립니다.
감사합니다!!",2025-08-25 08:52:36,Android,kr.co.kbc.cha.android,5,쀼우,2025-06-06 16:04:20
4be882f6-3b04-4745-b85a-d5f89aa82ccf,James Ko,"내 차 사고 팔 때 UI가 편하게 되어있고, 차 매물도 많아서 좋습니다.",5,0,2025-06-06 16:03:59,"안녕하세요 고객님, KB차차차입니다. 소중한 리뷰 남겨주셔서 감사합니다. KB차차차는 무엇보다도 고객님께서 어렵게 느껴지는
중고차를 쉽고 편하게 거래하실 수 있도록 도와드리는 것을 목표로 하고 있습니다 :) 미션 콤플릿 할 때까지 옆에
꼭 있어주실거죠~? 간편하지만 든든한! 중고차 플랫폼 KB차차차가 되기 위해 열일하겠습니다. 앞으로도 많은 이용 부탁드립니다.
감사합니다!!",2025-08-25 08:52:33,Android,kr.co.kbc.cha.android,5,James Ko,2025-06-06 16:03:59
04b7d124-3c83-4b54-8771-9e42c87f109e,Sujin Lee,편합니다,5,0,2025-06-06 16:03:53,"안녕하세요 고객님, KB차차차입니다. 소중한 리뷰 남겨주셔서 감사합니다. KB차차차는 무엇보다도 고객님께서 어렵게 느껴지는
중고차를 쉽고 편하게 거래하실 수 있도록 도와드리는 것을 목표로 하고 있습니다 :) 미션 콤플릿 할 때까지 옆에
꼭 있어주실거죠~? 간편하지만 든든한! 중고차 플랫폼 KB차차차가 되기 위해 열일하겠습니다. 앞으로도 많은 이용 부탁드립니다.
감사합니다!!",2025-08-25 08:52:12,Android,kr.co.kbc.cha.android,5,Sujin Lee,2025-06-06 16:03:53
e662f920-3484-446b-9b2a-582fc4ef41c3,뗑니,내 차 사고 팔 때 비교하기 쉽게 만들어져서 편해요 앱 사용할 때 불편함이 없어서 좋아요,5,0,2025-06-06 16:01:51,"안녕하세요 고객님, KB차차차입니다. 소중한 리뷰 남겨주셔서 감사합니다. KB차차차는 무엇보다도 고객님께서 어렵게 느껴지는
중고차를 쉽고 편하게 거래하실 수 있도록 도와드리는 것을 목표로 하고 있습니다 :) 미션 콤플릿 할 때까지 옆에
꼭 있어주실거죠~? 간편하지만 든든한! 중고차 플랫폼 KB차차차가 되기 위해 열일하겠습니다. 앞으로도 많은 이용 부탁드립니다.
감사합니다!!",2025-08-25 08:52:11,Android,kr.co.kbc.cha.android,5,뗑니,2025-06-06 16:01:51
6b36980f-9431-4bbd-a8d6-2efe9e853da1,최민지,중고차 매매 알아볼때는 KB차차차가 최고예요 앱도 편리하게 잘 되어있어서 이용하기 좋아요 다른곳도 좋지만 kb차차차가 최고입니다 ㅎㅎ,5,0,2025-06-06 16:01:44,"안녕하세요 고객님, KB차차차입니다. 소중한 리뷰 남겨주셔서 감사합니다. KB차차차는 무엇보다도 고객님께서 어렵게 느껴지는
중고차를 쉽고 편하게 거래하실 수 있도록 도와드리는 것을 목표로 하고 있습니다 :) 미션 콤플릿 할 때까지 옆에
꼭 있어주실거죠~? 간편하지만 든든한! 중고차 플랫폼 KB차차차가 되기 위해 열일하겠습니다. 앞으로도 많은 이용 부탁드립니다.
감사합니다!!",2025-08-25 08:52:09,Android,kr.co.kbc.cha.android,5,최민지,2025-06-06 16:01:44
7cef4ed0-868f-4330-bc55-1bc31090b0a1,44,완전조아요 완전간편해용,5,0,2025-06-06 16:01:02,"안녕하세요 고객님, KB차차차입니다. 소중한 리뷰 남겨주셔서 감사합니다. KB차차차는 무엇보다도 고객님께서 어렵게 느껴지는
중고차를 쉽고 편하게 거래하실 수 있도록 도와드리는 것을 목표로 하고 있습니다 :) 미션 콤플릿 할 때까지 옆에
꼭 있어주실거죠~? 간편하지만 든든한! 중고차 플랫폼 KB차차차가 되기 위해 열일하겠습니다. 앞으로도 많은 이용 부탁드립니다.
감사합니다!!",2025-08-25 08:52:08,Android,kr.co.kbc.cha.android,5,44,2025-06-06 16:01:02
d06763b7-c364-4a95-95f3-44f6a493082f,fkhl rptmg,로그인 유지도 안되고 메뉴 하나 이용하면 터치도 안돼서 앱 나가게 만들고 이딴식으로 만들거면 왜 이용하라고 만든건지 심지어 회원탈퇴도 못하게 막네 쓰레기같은 어플은 광고나 홍보도 못하게 막아야돼,1,0,2025-05-31 06:54:40,"안녕하세요 고객님, KB차차차입니다. 우선 KB차차차 이용에 불편을 드려 대단히 죄송합니다.
오류가 발생할 경우 KB차차차 대표번호 1670-4777로 연락주시면 최선을 다해 도와드리도록 하겠습니다. 다시 한 번 이용에 불편을 드려 대단히 죄송합니다. 감사합니다.",2025-08-25 08:50:39,Android,kr.co.kbc.cha.android,1,fkhl rptmg,2025-05-31 06:54:40
ed800f15-bbb9-4747-9711-01bfa0300fb7,카리스마,핸드폰 바꾸고 로그인이 안되요 리뷰 보니 저만 그런거도 아닌거 같은데요 새로운폰이라고 인증해야 된다고 해서 인증하면 다음 화면으로 넘어가질 않습니다 좀 고쳐주세요,1,2,2025-05-29 14:21:19,"안녕하세요 고객님, KB차차차입니다. 우선 KB차차차 이용에 불편을 드려 대단히 죄송합니다.
오류가 발생할 경우 KB차차차 대표번호 1670-4777로 연락주시면 최선을 다해 도와드리도록 하겠습니다. 다시 한 번 이용에 불편을 드려 대단히 죄송합니다. 감사합니다.",2025-08-25 08:50:30,Android,kr.co.kbc.cha.android,1,카리스마,2025-05-29 14:21:19
66194dab-5838-4dbd-aa97-23227b4ad846,김무에타이,쓰렉어플임. 경매를 오후7시에 시작해서 담날 오전 11시에 마감됨. 새벽에 경매참여하는 인간이 어딨냐? 느그는 근로기준법도 잠도 없냐? 이따구 저능아스러운 경매때문에 헤이딜러 입찰 40명인 반면 kb차차차는 겨우 10명도안됨ㅋㅋ가격도 븁씬같음 여러분 헤이딜러가세요,1,0,2025-05-23 17:25:47,"안녕하세요 고객님, KB차차차입니다. 우선 KB차차차 이용에 불편을 드려 대단히 죄송합니다.
오류가 발생할 경우 KB차차차 대표번호 1670-4777로 연락주시면 최선을 다해 도와드리도록 하겠습니다. 다시 한 번 이용에 불편을 드려 대단히 죄송합니다. 감사합니다.",2025-08-25 08:50:25,Android,kr.co.kbc.cha.android,1,김무에타이,2025-05-23 17:25:47
3f82b62f-af84-490b-bf55-3e2b7272065d,이은길,비회원 내차팔기 핸드폰인증후에 다음버튼을 눌러도 페이지 이동하지않는 오류 뜨고있음 앱개발을 날로 해쳐드셨나..,1,1,2025-05-22 09:51:40,"안녕하세요 고객님, KB차차차입니다. 우선 KB차차차 이용에 불편을 드려 대단히 죄송합니다.
오류가 발생할 경우 KB차차차 대표번호 1670-4777로 연락주시면 최선을 다해 도와드리도록 하겠습니다. 다시 한 번 이용에 불편을 드려 대단히 죄송합니다. 감사합니다.",2025-08-25 08:50:13,Android,kr.co.kbc.cha.android,1,이은길,2025-05-22 09:51:40
eef81750-1ab5-465b-be4a-f901c802c02a,Jinsu Kim,"서비스 개판임 다신 이용안함 헤이딜러한테 밀리는 이유가 다 있음 1. 내차팔기 pro 이용하려고 오후 3시로 시간 예약했는데 약속시간 다 돼도 연락한통 없음 2. 결국 5시나 돼서 도착했는데 2시간이나 기다리게 해놓고 뜬금없이 도착 5분전에 통보식으로 전화와서 어이상실 (출발할 때 연락주면 문제있나요? 뭐하고 오셨길래 ㅎㅎ?) 3. 명함한장 안받고 차량평가 진행됐고, 경매는 어떤식으로 진행되는지 구두설명 전혀없었고 그냥 메세지 사진하나 띡 보내고 끝 4. 다음날 아침에 자기가 중요한걸 빠트렸다고 차량 다시 볼 수 있는지 전화옴ㅋㅋㅋ 아니 중요한게 뭔데요? 설명이라도 좀 ㅎㅎㅎ 5. 어이없어서 걍 서비스 취소함 다신 이용 안하고 주변에도 극구 만류할듯",1,5,2025-05-09 10:54:29,"안녕하세요 고객님, KB차차차입니다. 우선 KB차차차 이용에 불편을 드려 대단히 죄송합니다.
오류가 발생할 경우 KB차차차 대표번호 1670-4777로 연락주시면 최선을 다해 도와드리도록 하겠습니다. 다시 한 번 이용에 불편을 드려 대단히 죄송합니다. 감사합니다.",2025-08-25 08:50:04,Android,kr.co.kbc.cha.android,1,Jinsu Kim,2025-05-09 10:54:29
9a36fb40-cdd7-4332-b1b0-5e1810fba434,최영규,이벤트도 많고 좋아용 안귀찮게해요,5,0,2025-05-07 11:59:09,"안녕하세요 고객님, KB차차차입니다. 차차차는 고객님들에게 최적의 사용성과 편리함을 제공하기 위해 노력하고 있습니다.
복잡한 어플은 이제 그만! 차차차 홈화면에서 간편하게 차량 검색, 내차 시세 조회, 내차 관리 등 차차차에서만 만날 수 있는 기능을 최대로 이용해보세요! 감사합니다.",2025-08-25 08:49:56,Android,kr.co.kbc.cha.android,5,최영규,2025-05-07 11:59:09
1e2756d4-8e2a-4b88-872e-5baba314e877,포비쭈니,중고차에 대해 알아보다 우연히 알게된 앱인데 한 눈에 쉽게 알아볼 수 있어 편하고 좋네요 관심있는 차종을 중심으로 매일 검색중인데 시간 가는줄도 몰라요 이곳 저곳 보다보니 이벤트도 있고 (물론 당첨이 되진 않습니다만) 암튼 믿고 보는 KB차차차 좋아요 👍,5,0,2025-04-25 22:20:14,"안녕하세요 고객님, KB차차차입니다. 차차차는 고객님들에게 최적의 사용성과 편리함을 제공하기 위해 노력하고 있습니다.
복잡한 어플은 이제 그만! 차차차 홈화면에서 간편하게 차량 검색, 내차 시세 조회, 내차 관리 등 차차차에서만 만날 수 있는 기능을 최대로 이용해보세요! 감사합니다.",2025-08-25 08:49:55,Android,kr.co.kbc.cha.android,5,포비쭈니,2025-04-25 22:20:14
099cf724-8ff7-491f-b18b-0b862739a2d7,이도도,앱.차차차~좋아요. 검색도 용이하고 비교하고 컨택할 수 있게 잘 배열되어 있습니다.믿고 맡겨도 후회 없을 듯 하네요,5,0,2025-04-25 18:38:01,"안녕하세요 고객님, KB차차차입니다. 차차차는 고객님들에게 최적의 사용성과 편리함을 제공하기 위해 노력하고 있습니다.
복잡한 어플은 이제 그만! 차차차 홈화면에서 간편하게 차량 검색, 내차 시세 조회, 내차 관리 등 차차차에서만 만날 수 있는 기능을 최대로 이용해보세요! 감사합니다.",2025-08-25 08:49:53,Android,kr.co.kbc.cha.android,5,이도도,2025-04-25 18:38:01
78c2c5ce-947b-4912-bfc9-696beafdf037,김미연,자주이용하는중입니다.이벤트도 이벤트지먀...지금타고있는차량팔때금액을앐수있고 내가 관심있어하는차량시세나 나의예산에서 가능한차량등을 한눈에 쏙 볼수있어 자주이용하며 확인하는중이예요,5,0,2025-04-25 18:05:00,"안녕하세요 고객님, KB차차차입니다. 차차차는 고객님들에게 최적의 사용성과 편리함을 제공하기 위해 노력하고 있습니다.
복잡한 어플은 이제 그만! 차차차 홈화면에서 간편하게 차량 검색, 내차 시세 조회, 내차 관리 등 차차차에서만 만날 수 있는 기능을 최대로 이용해보세요! 감사합니다.",2025-08-25 08:49:50,Android,kr.co.kbc.cha.android,5,김미연,2025-04-25 18:05:00
f9447c05-1fd0-491a-ac26-a7d5128b1a12,김미라,중고차 플랫폼 정말좋아요 ~~리뷰도 평도 다좋고 정보 도움 많이 됩니다~~~~항상 감사합니다 앞으로도 좋은정보 잘 부탁드립니다 ~~,5,0,2025-04-25 17:51:18,"안녕하세요 고객님, KB차차차입니다. 차차차는 고객님들에게 최적의 사용성과 편리함을 제공하기 위해 노력하고 있습니다.
복잡한 어플은 이제 그만! 차차차 홈화면에서 간편하게 차량 검색, 내차 시세 조회, 내차 관리 등 차차차에서만 만날 수 있는 기능을 최대로 이용해보세요! 감사합니다.",2025-08-25 08:49:48,Android,kr.co.kbc.cha.android,5,김미라,2025-04-25 17:51:18
82514a27-40c9-4319-bad8-8a01f7da4bbd,천호선,"유용하게 잘 사용하고 있습니다. 원하는 정보 찾기도 편하고, KB에서 운영하니 정보도 믿을 수 있어서 실제 중고차 구입할 때도 도움을 많이 받았습니다.",5,0,2025-04-25 16:47:42,"안녕하세요 고객님, KB차차차입니다. 차차차는 고객님들에게 최적의 사용성과 편리함을 제공하기 위해 노력하고 있습니다.
복잡한 어플은 이제 그만! 차차차 홈화면에서 간편하게 차량 검색, 내차 시세 조회, 내차 관리 등 차차차에서만 만날 수 있는 기능을 최대로 이용해보세요! 감사합니다.",2025-08-25 08:49:46,Android,kr.co.kbc.cha.android,5,천호선,2025-04-25 16:47:42
1ba5a8a0-3d33-4f68-8475-a8072c7d276e,최준규,보기좋게 잘나와서 만족하면서 사용중입니다 편리합니다 👍,5,0,2025-04-25 16:35:40,"안녕하세요 고객님, KB차차차입니다. 차차차는 고객님들에게 최적의 사용성과 편리함을 제공하기 위해 노력하고 있습니다.
복잡한 어플은 이제 그만! 차차차 홈화면에서 간편하게 차량 검색, 내차 시세 조회, 내차 관리 등 차차차에서만 만날 수 있는 기능을 최대로 이용해보세요! 감사합니다.",2025-08-25 08:49:43,Android,kr.co.kbc.cha.android,5,최준규,2025-04-25 16:35:40
3cede56f-92d0-4af5-bddc-ffa3324987ec,나민들레영토,정말훌륭한 어플입니다,5,0,2025-04-25 16:27:13,"안녕하세요 고객님, KB차차차입니다. 차차차는 고객님들에게 최적의 사용성과 편리함을 제공하기 위해 노력하고 있습니다.
복잡한 어플은 이제 그만! 차차차 홈화면에서 간편하게 차량 검색, 내차 시세 조회, 내차 관리 등 차차차에서만 만날 수 있는 기능을 최대로 이용해보세요! 감사합니다.",2025-08-25 08:49:41,Android,kr.co.kbc.cha.android,5,나민들레영토,2025-04-25 16:27:13
b181c30e-507e-4f46-a823-c2d68d869a5f,조범석,정말 편리하게 정보를 알 수 있어서 좋아요. kb시스템도 좋구요 윈하는 차량 조회도 쉽게 가능합니다.,5,0,2025-04-25 16:22:22,"안녕하세요 고객님, KB차차차입니다. 차차차는 고객님들에게 최적의 사용성과 편리함을 제공하기 위해 노력하고 있습니다.
복잡한 어플은 이제 그만! 차차차 홈화면에서 간편하게 차량 검색, 내차 시세 조회, 내차 관리 등 차차차에서만 만날 수 있는 기능을 최대로 이용해보세요! 감사합니다.",2025-08-25 08:49:39,Android,kr.co.kbc.cha.android,5,조범석,2025-04-25 16:22:22
7cea7b20-1efc-4dd9-90ec-fad79dd10a40,백기사,많은 종류의 차종을 간편하게 검색하고 비교할수 있어서 좋아요!,5,1,2025-04-25 16:20:36,"안녕하세요 고객님, KB차차차입니다. 차차차는 고객님들에게 최적의 사용성과 편리함을 제공하기 위해 노력하고 있습니다.
복잡한 어플은 이제 그만! 차차차 홈화면에서 간편하게 차량 검색, 내차 시세 조회, 내차 관리 등 차차차에서만 만날 수 있는 기능을 최대로 이용해보세요! 감사합니다.",2025-08-25 08:49:38,Android,kr.co.kbc.cha.android,5,백기사,2025-04-25 16:20:36
44d81b89-b8be-446d-a40b-fb8e7827c1cd,임정남,내차 시세 알아보기 좋아요. 중고차 팔때 유용할듯 해요,4,0,2025-04-25 16:07:56,"안녕하세요 고객님, KB차차차입니다. 차차차는 고객님들에게 최적의 사용성과 편리함을 제공하기 위해 노력하고 있습니다.
복잡한 어플은 이제 그만! 차차차 홈화면에서 간편하게 차량 검색, 내차 시세 조회, 내차 관리 등 차차차에서만 만날 수 있는 기능을 최대로 이용해보세요! 감사합니다.",2025-08-25 08:49:35,Android,kr.co.kbc.cha.android,4,임정남,2025-04-25 16:07:56
f520a899-f31f-4180-940a-f143484ffd6a,yun han,편리해서 좋아요,5,0,2025-04-25 16:03:37,"안녕하세요 고객님, KB차차차입니다. 차차차는 고객님들에게 최적의 사용성과 편리함을 제공하기 위해 노력하고 있습니다.
복잡한 어플은 이제 그만! 차차차 홈화면에서 간편하게 차량 검색, 내차 시세 조회, 내차 관리 등 차차차에서만 만날 수 있는 기능을 최대로 이용해보세요! 감사합니다.",2025-08-25 08:49:33,Android,kr.co.kbc.cha.android,5,yun han,2025-04-25 16:03:37
eb6cbe4e-016f-4cb0-b518-7088c320c3c4,황보수,차량 관련 필요한 정보들이 알아보기 쉽게 구성되어있습니다. 타 어플 대비 차량 대수가 좀 부족하지만 알찬 매물로 구성되어있는것 같습니다. 추천 👍👍,5,0,2025-04-25 16:02:23,"안녕하세요 고객님, KB차차차입니다. 차차차는 고객님들에게 최적의 사용성과 편리함을 제공하기 위해 노력하고 있습니다.
복잡한 어플은 이제 그만! 차차차 홈화면에서 간편하게 차량 검색, 내차 시세 조회, 내차 관리 등 차차차에서만 만날 수 있는 기능을 최대로 이용해보세요! 감사합니다.",2025-08-25 08:49:29,Android,kr.co.kbc.cha.android,5,황보수,2025-04-25 16:02:23
b4fa95e4-1ff3-4291-aad6-9be74cb1bce1,전홍재,ㄱ ㅐ ㄱ ㅏ 들럿다가 웃으며 나가는 어플 입니다....개가 이러며 나갑니다. 다시는 오겠나 하면서 말 입니다.,1,0,2025-04-24 15:17:31,"안녕하세요 고객님, KB차차차입니다. 우선 KB차차차 이용에 불편을 드려 대단히 죄송합니다.
오류가 발생할 경우 KB차차차 대표번호 1670-4777로 연락주시면 최선을 다해 도와드리도록 하겠습니다. 다시 한 번 이용에 불편을 드려 대단히 죄송합니다. 감사합니다.",2025-08-25 08:49:20,Android,kr.co.kbc.cha.android,1,전홍재,2025-04-24 15:17:31
25ad28fc-1c7b-4266-9b34-4d0874b7ee0e,WooJeong Choi,좋아요,5,0,2025-04-20 11:29:51,"안녕하세요 고객님, KB차차차입니다. 소중한 리뷰 남겨주셔서 감사합니다. KB차차차는 무엇보다도 고객님께서 어렵게 느껴지는
중고차를 쉽고 편하게 거래하실 수 있도록 도와드리는 것을 목표로 하고 있습니다 :) 미션 콤플릿 할 때까지 옆에
꼭 있어주실거죠~? 간편하지만 든든한! 중고차 플랫폼 KB차차차가 되기 위해 열일하겠습니다. 앞으로도 많은 이용 부탁드립니다.
감사합니다!!",2025-08-25 08:49:09,Android,kr.co.kbc.cha.android,5,WooJeong Choi,2025-04-20 11:29:51
705b0a33-07e0-4270-bcb4-bc6437e895d7,김성봉,엔카보다 물량도 많고 세부정보가 많아서 제대로 알아보기 편한거같아요,5,0,2025-04-19 14:03:16,"안녕하세요 고객님, KB차차차입니다. 소중한 리뷰 남겨주셔서 감사합니다. KB차차차는 무엇보다도 고객님께서 어렵게 느껴지는
중고차를 쉽고 편하게 거래하실 수 있도록 도와드리는 것을 목표로 하고 있습니다 :) 미션 콤플릿 할 때까지 옆에
꼭 있어주실거죠~? 간편하지만 든든한! 중고차 플랫폼 KB차차차가 되기 위해 열일하겠습니다. 앞으로도 많은 이용 부탁드립니다.
감사합니다!!",2025-08-25 08:49:08,Android,kr.co.kbc.cha.android,5,김성봉,2025-04-19 14:03:16
7c5aea60-f729-4b8f-9ef8-8804c8ebf7ed,맹렬전차,메뉴가 직관적이고 사용하기 편하게 되어 있어요. 중고차 시세 검색 및 비교가 편해서 관심있는 차종 있을 때 자주 검색하게 되네요.,5,0,2025-04-18 23:47:22,"안녕하세요 고객님, KB차차차입니다. 소중한 리뷰 남겨주셔서 감사합니다. KB차차차는 무엇보다도 고객님께서 어렵게 느껴지는
중고차를 쉽고 편하게 거래하실 수 있도록 도와드리는 것을 목표로 하고 있습니다 :) 미션 콤플릿 할 때까지 옆에
꼭 있어주실거죠~? 간편하지만 든든한! 중고차 플랫폼 KB차차차가 되기 위해 열일하겠습니다. 앞으로도 많은 이용 부탁드립니다.
감사합니다!!",2025-08-25 08:49:05,Android,kr.co.kbc.cha.android,5,맹렬전차,2025-04-18 23:47:22
014d3e5e-69a6-4547-9400-d23aaff2a911,Mi Lim Song,중고차 정보도 많고 알아보기 너무 편해서 좋아요~도움이 많이 됐어요^^,5,0,2025-04-18 22:37:51,"안녕하세요 고객님, KB차차차입니다. 소중한 리뷰 남겨주셔서 감사합니다. KB차차차는 무엇보다도 고객님께서 어렵게 느껴지는
중고차를 쉽고 편하게 거래하실 수 있도록 도와드리는 것을 목표로 하고 있습니다 :) 미션 콤플릿 할 때까지 옆에
꼭 있어주실거죠~? 간편하지만 든든한! 중고차 플랫폼 KB차차차가 되기 위해 열일하겠습니다. 앞으로도 많은 이용 부탁드립니다.
감사합니다!!",2025-08-25 08:49:03,Android,kr.co.kbc.cha.android,5,Mi Lim Song,2025-04-18 22:37:51
a5819877-6043-4925-a58f-1e0774c9975d,봉성훈,자동차 정보도 보기편하고 이래저래 잘 애용하고 있습니다.,5,0,2025-04-18 22:33:51,"안녕하세요 고객님, KB차차차입니다. 소중한 리뷰 남겨주셔서 감사합니다. KB차차차는 무엇보다도 고객님께서 어렵게 느껴지는
중고차를 쉽고 편하게 거래하실 수 있도록 도와드리는 것을 목표로 하고 있습니다 :) 미션 콤플릿 할 때까지 옆에
꼭 있어주실거죠~? 간편하지만 든든한! 중고차 플랫폼 KB차차차가 되기 위해 열일하겠습니다. 앞으로도 많은 이용 부탁드립니다.
감사합니다!!",2025-08-25 08:48:58,Android,kr.co.kbc.cha.android,5,봉성훈,2025-04-18 22:33:51
bec74861-7ba7-4f5a-88f8-52d5dd5afd72,sh lily,"중고차 시세에 대해 잘 몰랐는데, 차차차 앱을 이용하면서 많은 도움을 얻었어요. 앱이 보기 편리하고, 여러가지 이벤트도 많아서 좋아요.",5,0,2025-04-18 21:23:16,"안녕하세요 고객님, KB차차차입니다. 소중한 리뷰 남겨주셔서 감사합니다. KB차차차는 무엇보다도 고객님께서 어렵게 느껴지는
중고차를 쉽고 편하게 거래하실 수 있도록 도와드리는 것을 목표로 하고 있습니다 :) 미션 콤플릿 할 때까지 옆에
꼭 있어주실거죠~? 간편하지만 든든한! 중고차 플랫폼 KB차차차가 되기 위해 열일하겠습니다. 앞으로도 많은 이용 부탁드립니다.
감사합니다!!",2025-08-25 08:48:56,Android,kr.co.kbc.cha.android,5,sh lily,2025-04-18 21:23:16
e795f077-a180-4def-ac12-061a9fcd2855,석현영,KB차차차 앱 매일 로그인하고 있어요~~~ 접속도 잘되고 로그인도 잘됩니다~~ 행운의 룰렛 이벤트도 매일 참여하고 있습니다 그 외 다른 이벤트도 있어요 앞으로도 발전하는 KB차차차 앱 됐으면 좋겠습니다^^,5,1,2025-04-18 19:32:56,"안녕하세요 고객님, KB차차차입니다. 소중한 리뷰 남겨주셔서 감사합니다. KB차차차는 무엇보다도 고객님께서 어렵게 느껴지는
중고차를 쉽고 편하게 거래하실 수 있도록 도와드리는 것을 목표로 하고 있습니다 :) 미션 콤플릿 할 때까지 옆에
꼭 있어주실거죠~? 간편하지만 든든한! 중고차 플랫폼 KB차차차가 되기 위해 열일하겠습니다. 앞으로도 많은 이용 부탁드립니다.
감사합니다!!",2025-08-25 08:48:50,Android,kr.co.kbc.cha.android,5,석현영,2025-04-18 19:32:56
8a8369b5-2ed1-4b76-91e0-8db5986b5c41,김ᄒᄒ,중고차 매물을 알아보는 중인데 KB라 믿음이 갑니다 인증 중고차도 있어 더욱 좋아요^^,5,0,2025-04-18 18:59:54,"안녕하세요 고객님, KB차차차입니다. 소중한 리뷰 남겨주셔서 감사합니다. KB차차차는 무엇보다도 고객님께서 어렵게 느껴지는
중고차를 쉽고 편하게 거래하실 수 있도록 도와드리는 것을 목표로 하고 있습니다 :) 미션 콤플릿 할 때까지 옆에
꼭 있어주실거죠~? 간편하지만 든든한! 중고차 플랫폼 KB차차차가 되기 위해 열일하겠습니다. 앞으로도 많은 이용 부탁드립니다.
감사합니다!!",2025-08-25 08:48:47,Android,kr.co.kbc.cha.android,5,김ᄒᄒ,2025-04-18 18:59:54
78add26b-9e4a-4e19-8368-da2f18d4f3b3,율봉이,맘에드는 차 예약하고 가서 샀습니다. 책임져주겠지~ 하는 믿음~~!!!!!,5,0,2025-04-18 17:50:19,"안녕하세요 고객님, KB차차차입니다. 소중한 리뷰 남겨주셔서 감사합니다. KB차차차는 무엇보다도 고객님께서 어렵게 느껴지는
중고차를 쉽고 편하게 거래하실 수 있도록 도와드리는 것을 목표로 하고 있습니다 :) 미션 콤플릿 할 때까지 옆에
꼭 있어주실거죠~? 간편하지만 든든한! 중고차 플랫폼 KB차차차가 되기 위해 열일하겠습니다. 앞으로도 많은 이용 부탁드립니다.
감사합니다!!",2025-08-25 08:48:45,Android,kr.co.kbc.cha.android,5,율봉이,2025-04-18 17:50:19
2bc8f4eb-8095-4835-b72a-9770d223c08d,김현민,중고차 매물 빨리 찾을수 있어서 편하다,5,0,2025-04-18 17:12:44,"안녕하세요 고객님, KB차차차입니다. 소중한 리뷰 남겨주셔서 감사합니다. KB차차차는 무엇보다도 고객님께서 어렵게 느껴지는
중고차를 쉽고 편하게 거래하실 수 있도록 도와드리는 것을 목표로 하고 있습니다 :) 미션 콤플릿 할 때까지 옆에
꼭 있어주실거죠~? 간편하지만 든든한! 중고차 플랫폼 KB차차차가 되기 위해 열일하겠습니다. 앞으로도 많은 이용 부탁드립니다.
감사합니다!!",2025-08-25 08:48:43,Android,kr.co.kbc.cha.android,5,김현민,2025-04-18 17:12:44
40de73cc-4c0e-4d64-999b-f4327e07526d,Jin Ho Jueng,차를 바꿀때가 되어간다 싶어서 kb차차차 깔아봤어요. kb관련 어플들과 친숙한 느낌이라서 쓰는데 거부감이 없어서 너무 좋네요. 그리고 차량관련 유익한 정보가 많아서 활용하기 괜찮은것 같아요.,5,0,2025-04-18 16:53:57,"안녕하세요 고객님, KB차차차입니다. 소중한 리뷰 남겨주셔서 감사합니다. KB차차차는 무엇보다도 고객님께서 어렵게 느껴지는
중고차를 쉽고 편하게 거래하실 수 있도록 도와드리는 것을 목표로 하고 있습니다 :) 미션 콤플릿 할 때까지 옆에
꼭 있어주실거죠~? 간편하지만 든든한! 중고차 플랫폼 KB차차차가 되기 위해 열일하겠습니다. 앞으로도 많은 이용 부탁드립니다.
감사합니다!!",2025-08-25 08:48:38,Android,kr.co.kbc.cha.android,5,Jin Ho Jueng,2025-04-18 16:53:57
ae1e0857-9eca-411a-936a-872651fd999c,김병호,한번씩 중고차 비교하기 좋은듯,5,0,2025-04-18 16:47:37,"안녕하세요 고객님, KB차차차입니다. 소중한 리뷰 남겨주셔서 감사합니다. KB차차차는 무엇보다도 고객님께서 어렵게 느껴지는
중고차를 쉽고 편하게 거래하실 수 있도록 도와드리는 것을 목표로 하고 있습니다 :) 미션 콤플릿 할 때까지 옆에
꼭 있어주실거죠~? 간편하지만 든든한! 중고차 플랫폼 KB차차차가 되기 위해 열일하겠습니다. 앞으로도 많은 이용 부탁드립니다.
감사합니다!!",2025-08-25 08:48:36,Android,kr.co.kbc.cha.android,5,김병호,2025-04-18 16:47:37
