platform,author,rating,title,content,date,thumbs_up,developer_reply,app_identifier,ap_version
Android,임용환,5,,차량 파는것이 막막했는데 처음 해봤는데 믿음이 갑니다,2025-11-16 13:09:51,0.0,,kr.perfectree.heydealer,7.81.1
Android,김인철,5,,믿을수 있는 딜러입니다,2025-11-16 09:16:32,0.0,,kr.perfectree.heydealer,7.81.1
Android,임용수,5,,빠르고 친절하고 정확했습니다.,2025-11-15 10:06:30,0.0,,kr.perfectree.heydealer,7.78.1
Android,두둥,5,,중고차 거래가 이렇게 편한 줄 몰랐어요. 아주 굿,2025-11-15 09:09:58,0.0,,kr.perfectree.heydealer,7.81.1
iOS,노노성,5,세심한 고객관리,"등록부터 판매완료 시까지 세심하게 안내해주심에 감동받았습니다. 
판매직전에 “선그라스, 하이패스카드 ” 챙기라는 안내는 정말 정말 세심함이 느껴졌습니다. 정든차 보내는데 위안이 됐습니다. 번창하세요^^",2025-11-14 22:54:04,,,980166975,
Android,임재민,5,,생각이상 가격으로 판매되어 만족합니다.,2025-11-14 21:07:11,0.0,,kr.perfectree.heydealer,7.81.1
Android,boyoung hyun,5,,간단하면서 편리하고 선택도 자유로워서 좋아요,2025-11-14 20:47:09,0.0,,kr.perfectree.heydealer,7.80.0
Android,이상윤,5,,"한번만 믿고 그냥 해보셔. 오프라인보다 훨씬 좋은가격, 편리함, 상담원의 과할 정도의 친절로 아주 기분 좋은 거래가 될겁니다. 초강강강추천.",2025-11-14 20:08:14,0.0,,kr.perfectree.heydealer,7.81.1
Android,트와이스,5,,중고차 거래는 헤이딜러가 제일 깔끔하고 좋은거 같네요~~,2025-11-14 19:09:59,0.0,,kr.perfectree.heydealer,7.81.1
Android,gyu-hyeok Lee,5,,매우 유용한 앱입니다.. 칭찬합니다.^^,2025-11-14 18:57:05,0.0,,kr.perfectree.heydealer,7.81.1
Android,망곰이,5,,굿,2025-11-14 17:09:31,0.0,,kr.perfectree.heydealer,
Android,DongHun Jung,5,,쉽지않은 중고차 판매를 헤이딜러 덕분에 쉽게 판매했네요.감사합니다.,2025-11-14 16:06:48,0.0,,kr.perfectree.heydealer,7.80.0
Android,김동구,5,,아주 믿음이 갑니다. 믿고 하셔도 될듯합니다.,2025-11-14 14:06:30,0.0,,kr.perfectree.heydealer,7.81.1
Android,김기정,5,,깜끔한 거래입니다 ^^,2025-11-14 13:48:15,0.0,,kr.perfectree.heydealer,7.79.0
Android,신강현,5,,친절하게 정확한 검수로 거래 매우만족합니다,2025-11-14 13:34:08,0.0,,kr.perfectree.heydealer,7.81.1
Android,hyunki min,3,,폐차장에서 연락오네요. 계약하고 수백km먼데던데 인수기사도 잘 안잡힘. 금요일은 피하시길. 당일말소가 안될수 있다는 상담사말이 찜찜했는데 역시나 기사 배정이 늦어져서 말소도 몇일 더 걸릴 수 있고 기존 보험 해지도 늦어짐,2025-11-14 10:39:37,0.0,"안녕하세요, hyunki min님. 헤이딜러 입니다🚙 먼저 불편한 경험드려 죄송합니다. 예약 시간에 맞춰 준비하셨을 텐데 탁송 기사 배정이 늦어진다면, 저였어도 답답하고 난감했을 것 같습니다. 탁송 후 말소/이전의 경우, 최대 2영업일 소요됩니다. 이 점 안내가 부족하여 더욱 불편하셨던 것 같아 마음이 무겁습니다. 해결되지 않은 불편이 있다면, 헤이딜러 폐차 카카오톡 채널로 언제든 문의 부탁드립니다. 폐차 서비스가 아닌 헤이딜러 앱으로 sefl/zero 거래하셨다면, 앱 내 채팅 문의 부탁드려요. 소중한 의견 경청하고 더 좋은 서비스 드릴 수 있게 개선하겠습니다.🙇🏻 감사합니다.",kr.perfectree.heydealer,7.81.1
Android,안우홍,5,,고맙습니다,2025-11-14 09:24:08,0.0,,kr.perfectree.heydealer,7.81.1
Android,안홍순,5,,업무처리가 너무 너무 깔끔합니다. 사업 번창 하시길...,2025-11-14 08:38:16,0.0,,kr.perfectree.heydealer,7.81.1
Android,김효현,5,,👍 👍 👍 👍,2025-11-14 04:45:58,0.0,,kr.perfectree.heydealer,7.81.1
Android,SW K,5,,비대면 거래하기 좋아요,2025-11-13 22:50:56,0.0,,kr.perfectree.heydealer,7.80.0
Android,이동구,5,,해이딜러 거래 너무 좋습니다,2025-11-13 17:45:32,0.0,,kr.perfectree.heydealer,7.80.0
Android,김덕식,5,,중고차 딜러라는 선입관을 일시에 상쇄시킬 좋은 매너.정직한 품성. 그리고 잘생겼읍니다 ㅎ 보통 온갖 이유로 깍으려고하는데 이분의 합리적 설명은 만족했읍니다 고객들도 이분과 거래하면 만족하실것을 의심치 않읍니다,2025-11-13 17:13:17,0.0,,kr.perfectree.heydealer,7.79.0
Android,빙조,5,,초보도 쉽고 간편하게 할수있고 안내도 잘해주십니다!!,2025-11-13 15:34:54,0.0,,kr.perfectree.heydealer,7.80.0
Android,Geon Ho Yun,5,,매우 좋고 편해요,2025-11-13 14:45:19,0.0,,kr.perfectree.heydealer,7.80.0
Android,Eunsik Hong,5,,"진단부터 판매, 입금까지 정말 깔끔하게 처리되었습다. 스트레스 받을 일 없이 편리하게 차량 판매가 되니 너무 편했습니다.",2025-11-13 14:26:47,0.0,,kr.perfectree.heydealer,7.80.0
Android,Jin Hur,5,,편리하고 신뢰가 높음,2025-11-13 13:27:00,0.0,,kr.perfectree.heydealer,7.79.0
Android,이승윤,5,,빠른거래 정확한안내 매우만족입니다!,2025-11-13 13:01:21,0.0,,kr.perfectree.heydealer,7.80.0
Android,이명재,5,,참 설실 하고 칠절 하시네요 차량 후처리가 빠르게 정리되었습니다,2025-11-13 12:15:46,0.0,,kr.perfectree.heydealer,7.79.0
Android,김태현,5,,매니저분이 오셔서 꼼꼼하게 잘 봐주셨고 일처리 빨리 진행되어 편리하게 이용하였습니다..추후에도 이용 예정입니다,2025-11-13 11:40:39,0.0,,kr.perfectree.heydealer,7.80.0
Android,taeyoung park,4,,마무리까지 잘 부탁드려요~,2025-11-13 10:17:58,0.0,,kr.perfectree.heydealer,7.80.0
Android,ᄒᄎᄋ,5,,훌륭합니다. 언제 또 팔진 모르지만 이용 계속하고싶어요.,2025-11-13 09:46:01,0.0,,kr.perfectree.heydealer,7.80.0
Android,송순종,5,,아주 아주좋았어요 친절하게 응대 감사합니다,2025-11-13 03:43:05,0.0,,kr.perfectree.heydealer,7.76.0
Android,이형규,1,,그냥하지마세요,2025-11-12 22:54:36,0.0,"안녕하세요, 이형규님. 헤이딜러 입니다🚙 먼저 만족스러운 경험드리지 못해 죄송합니다. 남겨주신 리뷰만으로 정확한 상황을 파악할 수 없으나, 헤이딜러 이용 과정에서 불편을 겪으신 것 같아 마음이 무겁습니다. 형규님께서 겪으신 불편에 대해 자세히 여쭙고 개선할 수 있도록 헤이딜러 앱 내 채팅으로 말씀해주실 수 있을까요? 🙏 해결되지 않은 불편이 있다면, 책임감 있는 태도로 해결하겠습니다. 또한 불편 겪으신 점은 빠른 시일 내 개선해 더 만족스러운 서비스 드리기 위해서 노력하겠습니다. 감사합니다.",kr.perfectree.heydealer,7.80.0
Android,조철희,5,,정말 편리하고 좋네요,2025-11-12 21:35:17,0.0,,kr.perfectree.heydealer,7.80.0
Android,zoro Sin,4,,굿~~~~~,2025-11-12 21:24:54,0.0,,kr.perfectree.heydealer,7.80.0
Android,변하진,5,,굿,2025-11-12 21:06:37,0.0,,kr.perfectree.heydealer,7.79.0
iOS,판메 후기,5,자동차 판매 구매,이 정도면 자동차매매단지 갈 필요가 없습니다;;,2025-11-12 20:41:50,,,980166975,
Android,황보준,5,,적극 추천하겠습니다.,2025-11-12 20:31:44,0.0,,kr.perfectree.heydealer,7.80.0
Android,김재열 (수삼인삼홍삼),5,,강추,2025-11-12 19:08:15,0.0,,kr.perfectree.heydealer,7.79.0
Android,김승기,5,,너무 정확한 정보와 구매자.판매자가 너무 손쉽게 거래 가능한것 같아요.,2025-11-12 16:46:24,0.0,,kr.perfectree.heydealer,7.80.0
Android,전유진,5,,인상도좋으시고 답변도 잘해주셨습니다,2025-11-12 15:12:00,0.0,,kr.perfectree.heydealer,7.80.0
Android,이광임,5,,두번째 거래 아주 만족 합니다,2025-11-12 14:38:24,0.0,,kr.perfectree.heydealer,7.80.0
Android,seungin shin,5,,깔끔한 앱 사용,2025-11-12 13:34:57,0.0,,kr.perfectree.heydealer,7.80.0
Android,TREND24양일권,5,,기분좋은 거래 친절한 설명 대만족 입니다.~^^,2025-11-12 11:25:08,0.0,,kr.perfectree.heydealer,7.80.0
Android,류Love,5,,최고여 오래오래 하세여 계속 이용할게요,2025-11-12 11:21:01,0.0,,kr.perfectree.heydealer,7.80.0
Android,김정대,5,,신속 정확 멋졌어요. 헤이딜러,2025-11-12 10:55:15,0.0,,kr.perfectree.heydealer,7.79.0
iOS,두루두맨,5,최고의 선택,매우 감사드립니다.,2025-11-12 03:42:02,,,980166975,
Android,황철,5,,30km 넘는 장거리 운행차라 판매가 될까 걱정이 많았는데 넘 친절하고 가격을 잘 책정해 주셔서 감사합니다.,2025-11-11 22:11:09,0.0,,kr.perfectree.heydealer,7.80.0
Android,한스,5,,폐차했는데 편하고 진짜 좋네요. 값도 잘 받았어요,2025-11-11 21:00:42,0.0,,kr.perfectree.heydealer,7.80.0
iOS,왜이러닝,5,최고에요,헤이딜러는 진짜 최곱니다 앞으로 여기만 이용할듯!,2025-11-11 20:07:29,,,980166975,
Android,최봉창,5,,아주그냥 끝내줘요,2025-11-11 20:02:37,0.0,,kr.perfectree.heydealer,7.80.0
Android,박준희,5,,굳,2025-11-11 17:45:43,0.0,,kr.perfectree.heydealer,7.80.0
Android,정의훈,5,,진짜 좋아요 편하고,2025-11-11 15:22:10,0.0,,kr.perfectree.heydealer,7.79.0
Android,김성진,5,,믿을만하고 신속하게 처리해주셔서 감동했습니다,2025-11-11 15:15:16,0.0,,kr.perfectree.heydealer,7.79.0
Android,최돈경,5,,아주 간편하고 강추입니다,2025-11-11 13:51:14,0.0,,kr.perfectree.heydealer,7.80.0
Android,Zlatan Ibrahimovic,5,,시간약속도 잘 지켜주시고 미리미리 연락도 주셔서 너무 감사했습니다. 검수부터 입금까지 순조롭게 잘 진행되어 편하고 좋습니다! 감사합니다^^,2025-11-11 12:18:03,0.0,,kr.perfectree.heydealer,7.79.0
Android,송영대,4,,너무 간편하게 잘 해줘서 괭장히 편하네요.. 좋아요 최고에요😅😅,2025-11-11 07:49:31,0.0,,kr.perfectree.heydealer,7.80.0
Android,chul Jung,5,,신속 깔끔 정확. 다음에 도 이용하려구요,2025-11-10 22:46:55,0.0,,kr.perfectree.heydealer,7.76.0
iOS,아이오아2,5,좋은거래,좋은거래 했습니다 !,2025-11-10 22:15:12,,,980166975,
Android,주성민,5,,최고입니다,2025-11-10 18:19:51,0.0,,kr.perfectree.heydealer,7.79.0
Android,ᆞᆞ,5,,굿,2025-11-10 18:13:27,0.0,,kr.perfectree.heydealer,7.77.0
Android,한용희,5,,빠른거래 정말 좋아요,2025-11-10 16:34:11,0.0,,kr.perfectree.heydealer,7.79.0
Android,신승우,5,,처음써봤는데 매우만족합니다~,2025-11-10 16:31:42,0.0,,kr.perfectree.heydealer,7.79.0
Android,홍용선,5,,너무 잘해주셔서 감사합니다 좋은 거래였어요,2025-11-10 16:19:02,0.0,,kr.perfectree.heydealer,7.79.0
Android,사과껍때기,5,,깔끔한 마무리 정말 좋았습니다 감사합니다,2025-11-10 15:44:40,0.0,,kr.perfectree.heydealer,7.79.0
Android,고라파덕,5,,신속 정확하게 믿을수 있습니다,2025-11-10 12:29:15,0.0,,kr.perfectree.heydealer,7.79.0
Android,이진석,5,,깔끔합니다 ㅡ ! 말이 필요없습니다,2025-11-09 09:10:41,0.0,,kr.perfectree.heydealer,7.79.0
Android,한용남,5,,천절한 거래 잘마쳤습니다.,2025-11-08 19:17:50,0.0,,kr.perfectree.heydealer,7.79.0
Android,박유석,5,,엄청 잘해 주세요 최고 입니다. 너무나도 추천합니다. 거래하면서 기분이 너무 좋았어요 ~~,2025-11-08 08:58:57,0.0,,kr.perfectree.heydealer,7.79.0
Android,김성진,5,,진짜만족합니다..모든면에서..감동받고갑니다,2025-11-08 08:26:51,0.0,,kr.perfectree.heydealer,7.79.0
Android,김서방,5,,세차구매하면서 팔았는데 중고차 수출차등등 이곳저곳일아봤는데 제일 많이 쳐줘요.굿입니다.,2025-11-07 20:03:35,0.0,,kr.perfectree.heydealer,7.79.0
Android,이태건,5,,적절한 가격,2025-11-07 19:19:32,0.0,,kr.perfectree.heydealer,7.79.0
Android,김호수,5,,시세정보로 정직힐 가격,2025-11-07 16:49:20,0.0,,kr.perfectree.heydealer,7.79.0
Android,김민호,5,,케이카 김문호 대리의 친절하고 정직한 검차에 놀랐습니다 덕분에 정들었던 차를 잘 매각하였습니다 감사합니다,2025-11-07 16:16:53,0.0,,kr.perfectree.heydealer,7.79.0
Android,박용석,5,,다음에도다시거래하고 싶어요.모든것이 다좋았읍니다.,2025-11-07 12:06:08,0.0,,kr.perfectree.heydealer,7.79.0
Android,윤옥희,5,,거래잘했습니다. 딜러분 넘친절하셔요. 담에 또 이용하겠습니다,2025-11-07 10:50:28,0.0,,kr.perfectree.heydealer,7.79.0
iOS,완젼 강츄!!!,5,안전하고 신속하며 편리함,투명하게 진행해주셔서 놀랐어요,2025-11-07 00:34:53,,,980166975,
Android,김영남,5,,정말 빨라서 믿을만 하구 평가사님 . 탁송기사님 다 친절합니다. 다음에도 이용하구 추천각 입니다.,2025-11-06 22:47:15,0.0,,kr.perfectree.heydealer,7.79.0
Android,이제홍,5,,좋은거래감사합니다.,2025-11-06 17:12:19,0.0,,kr.perfectree.heydealer,7.79.0
Android,k j,5,,진행과정 너무 만족합니다,2025-11-06 17:04:50,0.0,,kr.perfectree.heydealer,7.78.1
Android,바람의검심,4,,중고차 신속하고 안전하게 매도하기 편리한 플랫폼입니다.,2025-11-06 16:34:30,0.0,,kr.perfectree.heydealer,7.79.0
Android,김용희,5,,너무너무감사해요.검사부터 편하게판매까지 안전히.친절히해주셔서 진심감사를전합니다,2025-11-06 11:21:40,0.0,,kr.perfectree.heydealer,7.79.0
Android,김근중,5,,친절 편리합니다,2025-11-06 11:00:32,0.0,,kr.perfectree.heydealer,7.79.0
iOS,뮤ㅓ로하디,5,개조음 왜안씀?,"원래 리뷰 안쓰는데 이건 진짜 좋음
중고차 팔때 진짜 꼭 써야함🤩🤩",2025-11-06 07:12:48,,,980166975,
iOS,컴오,5,감사합니다 헤이딜러,감사합니다 헤이딜러 짱,2025-11-06 01:42:15,,,980166975,
iOS,트리오스,5,아주 만족합니다.,"진짜 차 팔고 마음이 먹먹했는데, 차에게 메시지를 보내게 해 주셔서.. 참 인간적인 헤이딜러네요. 번창하시길.. 진짜 감동입니다.",2025-11-05 22:07:21,,,980166975,
iOS,고고수,1,개인정보 털림,"헤이딜러에 중고차를 등록하는 과정에서 중고차 렌트사와 캐피탈에 내 정보가 전달되어 차량 알아보느냐는 전화와 대출신청했는지 문의하는 전화가 계속 오고 있습니다. 
그런 업체에서 전화 오지 못하게 하는 해결방법을 알려 주세요.",2025-11-05 21:51:13,,,980166975,
Android,최원규,5,,다음에도 잘 부탁해요~^^,2025-11-05 21:39:08,0.0,,kr.perfectree.heydealer,7.79.0
Android,김이광,5,,정말 잘한 선택이었습니다. 너무편안하게 이용해서 결과또한 아주만족합니다. 지인들에게 좋은결과를 소개하면서 반드시 헤이딜러를 이용하라고 전합니다. 정확한진단으로 출발하여 차량인도까지 깔끔처리에 대만족! 헤이 딜러 번창하세요 ^^,2025-11-05 19:53:09,2.0,,kr.perfectree.heydealer,7.79.0
Android,벚꽃빛여우,5,,좋네요,2025-11-05 18:29:45,0.0,,kr.perfectree.heydealer,7.79.0
Android,김정민,5,,팔때 편해서 좋아요^^,2025-11-05 17:46:50,0.0,,kr.perfectree.heydealer,7.78.1
iOS,에히메,5,넘사벽 중고차 거래 최고의 앱!,신뢰를 주기 위한 정성과 노력이 앱과 서비스 과정 곳곳에 진하게 묻어있습니다. 중고차 거래의 편견을 날려버려준 고마운 앱. 요즘 헤이딜러의 서비스를 따라하는 업체가 있는데 발끝도 못 쫒아옴.,2025-11-05 17:17:47,,,980166975,
Android,정영미,5,,최고의 앱이예요,2025-11-05 14:50:32,0.0,,kr.perfectree.heydealer,7.79.0
Android,유두현,5,,너무 만족합니다 주변분께 소개하고싶어요,2025-11-05 14:42:16,0.0,,kr.perfectree.heydealer,7.79.0
Android,박인순,5,,시스템이 정말 맘에 듭니다,2025-11-05 14:26:57,0.0,,kr.perfectree.heydealer,7.79.0
Android,박기남,5,,오늘올려서 오늘팔렷네요 빠르게진행되서 너무맘에들었습니다,2025-11-05 13:11:08,0.0,,kr.perfectree.heydealer,7.79.0
Android,김현호,5,,헤이딜러 대만족입니다 ~~^^ 판매에 부담 없고 좋은 가격 차량에 대한 만족감.고객과 딜러의 편안한 대화..,2025-11-05 12:06:54,0.0,,kr.perfectree.heydealer,7.79.0
Android,정성수,5,,"주변분들께 강추드리오며, 마을 어른신들 차 파실 때도 연결해드리겠습니다. ㅎㅎ",2025-11-05 10:09:54,0.0,,kr.perfectree.heydealer,7.78.1
iOS,이박사베트남,5,헤이딜러 강추,깔끔하게 거래를 했습니다. 앞으로 자주 애용할게요!,2025-11-05 01:41:58,,,980166975,
Android,성연웅,5,,차팔기 편했어요,2025-11-04 17:05:55,0.0,,kr.perfectree.heydealer,7.78.1
Android,B Lee,5,,깔끔하고 최고입니다. 오래전에 중고차 팔때랑은 다른 패러다임의 혁신이네요.,2025-11-04 16:36:19,0.0,,kr.perfectree.heydealer,7.79.0
Android,김시원,5,,헤이딜러에서는 가격을 제대로 받을 수 있어요.,2025-11-04 13:10:58,0.0,,kr.perfectree.heydealer,7.78.1
Android,지성희,5,,빠르게 처리해주셔서 좋았습니다,2025-11-04 13:03:20,0.0,,kr.perfectree.heydealer,7.78.1
Android,박래호,5,,진단 정확하고 빠르게 진행되니 맘에 들어요 감사합니다 여기서 중고차 다시 사고 싶네요^^,2025-11-04 11:23:33,0.0,,kr.perfectree.heydealer,7.79.0
Android,K sh,5,,제일 정확하고 빠르고 신뢰됩니다,2025-11-04 10:20:11,0.0,,kr.perfectree.heydealer,7.78.1
Android,박지희,5,,편하고 다양한 시스템 아주 좋아요~~,2025-11-04 09:54:31,0.0,,kr.perfectree.heydealer,7.79.0
iOS,란도천사,5,좋아요,아주 좋아요 편하고~~~,2025-11-04 08:31:05,,,980166975,
Android,정홍연,5,,만족스러웠어요,2025-11-03 17:44:38,0.0,,kr.perfectree.heydealer,7.78.1
Android,조성필,5,,친절하시고 감가없이 신속처리해 주십니다,2025-11-03 17:35:51,0.0,,kr.perfectree.heydealer,7.78.1
Android,남매옷바우그램,5,,처음하는거라 아무것도몰라도. 믿고 맡길수 있어서 더더 감사했습니다~^^~ 다시 기회가된다면 또 거래를 기약하겠습니다 정말 감사합니다 🙏,2025-11-03 17:17:22,0.0,,kr.perfectree.heydealer,7.78.1
Android,프리메이슨,5,,굿 굿 좋아요,2025-11-03 16:04:20,0.0,,kr.perfectree.heydealer,7.78.1
Android,조은철,5,,너무 편하고 만족합니다!,2025-11-03 13:57:13,0.0,,kr.perfectree.heydealer,7.78.1
Android,jihong hwang,5,,좋은가격에 잘 팔았습니다 감사합니다,2025-11-03 13:46:22,0.0,,kr.perfectree.heydealer,7.78.1
Android,최,5,,세번째 차량 판매를 하였는데 세번다 만족 하였고 믿음 이 가고 앞으로도 헤이딜러 만 이용 할거 같습니다,2025-11-03 13:03:54,0.0,,kr.perfectree.heydealer,7.78.1
Android,성영종,5,,최고입니다.,2025-11-03 10:26:29,0.0,,kr.perfectree.heydealer,7.78.1
Android,명주진,4,,빠른 일처리 만족합니다,2025-11-03 09:14:35,0.0,,kr.perfectree.heydealer,7.78.1
iOS,우리 아빠 겨리 아빠,5,역시 헤이딜러,믿을만 합니다,2025-11-02 21:35:23,,,980166975,
Android,Yoon SeokBoo,5,,멋진 거래에요. 헤이딜러 제로 강추 해요~~~,2025-11-02 19:10:43,0.0,,kr.perfectree.heydealer,7.78.1
Android,Aranya Forest Kim,5,,친절하게 상담해 주셨습니다.,2025-11-01 15:40:57,0.0,,kr.perfectree.heydealer,7.78.1
Android,서기훈,5,,상담하신분들도 엄청친절 하시고 만족합니다,2025-11-01 12:38:57,0.0,,kr.perfectree.heydealer,7.78.1
Android,유정,5,,중고차팔때는 제일 가격이 높게 받을수있어요,2025-11-01 07:06:45,0.0,,kr.perfectree.heydealer,7.78.1
iOS,으싸,5,홈택스연동,아니 연동실패하면 다른방법으로 제출할수있게라도 해주시죠,2025-10-31 22:15:16,,,980166975,
Android,양승현,5,,첫거래 헤이딜러 만족 합니다 친절하시고 실시간 폰으로 알수 있어서 편하게 거래완료 했습니다 감사합니다,2025-10-31 21:46:08,0.0,,kr.perfectree.heydealer,7.78.1
Android,simon c,5,,좋은 가격에 잘 매도 하였습니다.,2025-10-31 18:38:30,0.0,,kr.perfectree.heydealer,7.78.1
Android,최은경,5,,가격을 잘쳐주시고 빠르고 신속합니다,2025-10-31 18:27:22,0.0,,kr.perfectree.heydealer,7.78.1
Android,한기호,5,,넘 좋아요,2025-10-31 17:09:36,0.0,,kr.perfectree.heydealer,7.78.1
Android,백중현,5,,"헤이딜러 굿!입니다 담에도 헤이딜러 이용하고, 주위본들께 추천할까 합니다",2025-10-31 16:15:10,0.0,,kr.perfectree.heydealer,7.78.1
Android,노현웅,2,,본인명의 아니면 조회 못하는대 뭔 아무 번호판 조회를 할수 없는대 무슨소리 하는지 모르겠다,2025-10-31 14:34:12,0.0,"안녕하세요, 노현웅님. 헤이딜러 입니다🚙 아쉬운 경험드려 죄송합니다. [내차팔기] 메뉴 이용 중 불편이 있으셨을까요? [내차팔기] 메뉴는 차량번호와 소유자명 입력 하시면, 차량정보 조회 후 경매 가능합니다. 😊 구매 희망하는 관심 차량을 조회하길 희망하시면, [이력조회] 메뉴 이용 부탁드립니다. [이력조회] 메뉴는 매매상사 소유 상품용 차량에 한해 소유자명 입력 없이 차량번호로 조회 가능합니다. 다만, 개인/리스/렌트 소유 차량일 경우, 소유자명 입력이 필요합니다. 노현웅님의 불편 자세히 여쭙고 해결해 드리고 싶습니다. 🙏 헤이딜러 앱 내 채팅으로 문의주시면, 보다 자세히 안내드리겠습니다. 감사합니다.",kr.perfectree.heydealer,5.95.0
Android,김경수,5,,편리하고 가격도 만족합니다,2025-10-31 14:12:27,0.0,,kr.perfectree.heydealer,7.78.1
Android,ᄆᄆ,4,,신속하고 친절하십니다. 쿨거래 감사합니다.버ㆍ창하세요~^^,2025-10-31 13:50:48,0.0,,kr.perfectree.heydealer,7.78.1
Android,바리,5,,렌트 하려고 알아보다 카모아를 알게 됐는데 예약 3일 전까지 취소되고 해외에서도 이용 가능하니 넘 좋네요^^,2025-10-31 13:08:50,0.0,,kr.perfectree.heydealer,
Android,조범관,5,,"감사,감사 합니다,",2025-10-31 12:55:38,0.0,,kr.perfectree.heydealer,7.78.1
Android,MODN PSXB (MODNPSXB),5,,최고,2025-10-31 12:31:03,0.0,,kr.perfectree.heydealer,7.78.1
Android,신전호,5,,"정말 감사드립니다! 매입부터 모든 과정이 빠르고 깔끔하게 진행되었고, 말소까지 완벽하게 처리해 주셔서 너무 감사드려요. 대표님 사업 더욱 번창하시길 진심으로 바랍니다",2025-10-31 11:20:38,0.0,,kr.perfectree.heydealer,7.78.1
iOS,limsirrus,5,좋습니다,불편함 없이 차량 판매에 있어 신뢰도 등을 검증 받으면서 판매할수있습니다. 다만 최고가 선택후 다른 가격도 확인하게부탁드립니다,2025-10-31 01:04:58,,,980166975,
iOS,콩순이 맘,5,깔끔합니다,너무 편리하고 세번째 이용인데 참 좋았습니다,2025-10-30 23:54:36,,,980166975,
Android,현진호,5,,역대급 어플 입니다,2025-10-30 17:31:06,0.0,,kr.perfectree.heydealer,7.78.1
Android,이희선,5,,신속정확 헤이딜러 최최고!!,2025-10-30 12:57:14,0.0,,kr.perfectree.heydealer,7.78.1
Android,김준우,5,,내차판매 헤이딜러 제일이네요.,2025-10-30 10:32:07,0.0,,kr.perfectree.heydealer,7.78.1
Android,Seo1789826서효정,5,,믿고쓰는 헤이딜러 중고거레부터 폐차 수출까지 잘처리해주네요 추천합니다,2025-10-30 09:32:46,0.0,,kr.perfectree.heydealer,7.78.1
iOS,Joyce Kim,5,헤이딜러 프로세스,"처음 사용해봤는데, 절차가 잘 되어 있는것 같습니다.",2025-10-29 21:53:43,,,980166975,
Android,굴렁쇠,5,,넘 감사했읍니다,2025-10-29 21:23:24,0.0,,kr.perfectree.heydealer,7.77.0
Android,나그네,5,,"매우만족합니다,",2025-10-29 18:10:45,0.0,,kr.perfectree.heydealer,7.78.1
Android,김대우,5,,아주 좋아요,2025-10-29 14:50:04,0.0,,kr.perfectree.heydealer,7.78.0
Android,레퀴에스,5,,다른 앱보다 훨씬 가격도 잘 주네요.헤이딜러 프로 최고입니다~강추~~~!!!!!,2025-10-29 13:12:10,0.0,,kr.perfectree.heydealer,7.77.0
Android,MF홀릭,5,,좋음,2025-10-29 13:10:44,0.0,,kr.perfectree.heydealer,7.78.1
Android,김대용,5,,"일처리 빠르고 정확한 진단, 좋으신 딜러분들도 많아서 좋았어요^^",2025-10-29 11:49:14,0.0,,kr.perfectree.heydealer,7.76.0
Android,Hugh Bahng,5,,정대표님 너무 친절하시고 일마무리 깔끔하게 해주셔서 모든분들께 추천합니다 😍,2025-10-29 11:05:38,0.0,,kr.perfectree.heydealer,7.78.1
Android,소통티비,5,,사실 광고가 하도 많이되어서 반신반의하는 마음으로 차량 판매를 신청했는데 엔카등 다른 사이트보다 다른 사이트보다 훨씬 좋은 가격에 판매할 수 있어서 좋았습니다. 딜러들이 제시한 가격에 맘에 들지 않아서 제가 원하는 금액을 올려서 입찰을 요청을 했더니 며칠뒤 제가 원하는 가격을 받을 수 있었습니다.,2025-10-29 07:17:47,13.0,,kr.perfectree.heydealer,7.77.0
iOS,119친구,5,감가없이 사진그대로,사진 잘 찍어서 올리면 감가없이 그대로 가져가시는 중고차 딜러분이 있다는 부분에 믿음이 확 갔습니다. 헤이딜러 최고네요!!,2025-10-29 02:07:19,,,980166975,
Android,한겨울냉면,5,,중고차 거래 처음 하는거라 어디서부터 해야할지 막막했었는데 헤이딜러에서 친절히 가이드 해주셔서 수월하게 잘 마무하게되었네요! 흥해라~헤이딜러~~,2025-10-28 22:46:09,0.0,,kr.perfectree.heydealer,7.77.0
iOS,Jun5323,5,M340투어링 판매,그냥 맞김 됩니다,2025-10-28 22:44:29,,,980166975,
Android,김봉철,5,,대만족,2025-10-28 22:22:23,0.0,,kr.perfectree.heydealer,7.78.1
Android,Sung Woong,5,,믿음의 헤이 딜러,2025-10-28 20:57:32,0.0,,kr.perfectree.heydealer,7.77.0
Android,임효성,1,,"차 두대를 견적을 받아보았지만 항상 최저가네요.타사 비해 너무 차이납니다,,제일 기분 나쁜건 최저가 경매 하시는분들 쩌리인지 먼지 터무니없는 금액을 제시하시는데...다음에는 절대 이 앱을 사용할 일은 없을꺼 같습니다.",2025-10-28 20:40:31,3.0,"안녕하세요, 임효성님. 헤이딜러 입니다🚙 헤이딜러를 믿고 이용해주셨는데 아쉬운 경험을 드려 마음이 무겁습니다🙏 헤이딜러는 비공개 입찰 방식으로, 딜러는 본인 견적만 확인할 수 있습니다. 경매 종료 후 견적 금액이 만족스럽지 않으시다면 재경매를 통해 다시 견적을 받아보실 수 있습니다. 심사센터에서 경매 후 모든 견적을 모니터링하여 시세에 맞지 않는 견적은 정책에 따라 엄격히 조치합니다. 효성님께서 받으신 견적에 대해 저희가 확인해볼 수 있도록 헤이딜러 앱 내 채팅으로 차량번호를 남겨주실 수 있을까요? 더 만족스러운 서비스 드리기 위해 노력하겠습니다. 죄송합니다.",kr.perfectree.heydealer,
Android,고민수,5,,아주 대만족합니다 감사합니다,2025-10-28 19:41:16,0.0,,kr.perfectree.heydealer,7.78.0
Android,최현종,1,,앱다운로드가 되지 않습니다,2025-10-28 19:14:54,0.0,"안녕하세요, 최현종님. 헤이딜러 입니다🚙 원활한 서비스를 제공해드리지 못해 죄송합니다. https://support.google.com/googleplay/answer/7513003?hl=ko 링크를 활용하셔서 다운로드 오류를 해결하실 수 있습니다. 만약 위 링크의 방법으로도 해결되지 않는다면, 겪으신 불편 자세히 여쭙고 빠르게 조치 도와드리겠습니다🙏 정확하게 확인 후 안내드리기 위해 헤이딜러 마경렬 매니저(010-9217-1385)로 스크린샷을 촬영해서 보내주실 수 있을까요? 번거로움 드려 죄송합니다.",kr.perfectree.heydealer,
Android,홍순태,5,,모든과정을 편하게 먼져 고지 해주시고 일진행이 되어서 궁금한것 없이 판매하게 되어서 너무 만족스러웠습니다~다음에도 이용하겠습니다~~~ 적극 추천드려요,2025-10-28 18:23:46,0.0,,kr.perfectree.heydealer,7.78.0
Android,에에버,5,,감사합니다,2025-10-28 16:34:57,0.0,,kr.perfectree.heydealer,7.78.0
Android,한성호,5,,저도 처음에는 이용 안했던곳이라 거래하고 싶지 안했는데 거래 완료후 100% 만족합니다. 매도나 매수 하실분들께 헤이딜러 적극 추천 합니다.,2025-10-28 16:19:52,0.0,,kr.perfectree.heydealer,7.77.0
Android,민로씨,5,,이 어플 정말 최고에요,2025-10-28 13:00:13,0.0,,kr.perfectree.heydealer,7.78.0
Android,강대현,5,,후회하시지 않을껍니다.^^,2025-10-28 12:27:02,0.0,,kr.perfectree.heydealer,7.77.0
Android,in kyu lim,5,,내차 팔때는 여기 헤이딜러,2025-10-28 12:20:19,0.0,,kr.perfectree.heydealer,7.77.0
Android,홍재기,5,,잘 이용했어요,2025-10-28 10:40:29,0.0,,kr.perfectree.heydealer,7.78.0
Android,아름다운날서기,5,,깔끔한처리!,2025-10-28 10:19:14,0.0,,kr.perfectree.heydealer,7.77.0
Android,이광원,5,,모든면에서 중고차판매의 최고봉인것 같네요..^^,2025-10-28 10:13:19,0.0,,kr.perfectree.heydealer,7.78.0
Android,배호길,5,,차량을 떠나 보내면서 그동안 사용한 차량에 대한 정확한 진단을 받아 좋았어요,2025-10-28 06:19:42,0.0,,kr.perfectree.heydealer,7.77.0
iOS,싸이클론,5,헤이딜러로 가격을 잘받았네요,"다른 어플들 이용해서 견적 받았지만 헤이딜러 금액이 가장 좋았습니다.
견적은 발품이지만 헤이딜러가 답인것 같습니다.
여튼 만족스런 거래였습니다.",2025-10-28 04:25:17,,,980166975,
Android,서중,5,,신속하고. 친절한 설명 확실한 약속이행 정말 대만족입니다,2025-10-28 01:45:08,0.0,,kr.perfectree.heydealer,7.78.0
Android,조준희,1,,업데이트하래서 업데이트했더니 갑자기 uuid 에러뜨면서 실행이 안됩니다. 플립5인데 왜 그런거죠?,2025-10-27 22:58:10,0.0,"안녕하세요, 헤이딜러 입니다🚙 앱 이용에 불편드려 죄송합니다. 10월 27일 오후 일시적으로 발생했던 오류는 28일 오전 조치 완료됐습니다. 혹시 아직 오류가 해결되지 않았다면, 보고 계신 화면을 스크린샷으로 찍어서 헤이딜러 앱 내 채팅으로 보내주실 수있을까요? 🙏 꼼꼼히 확인하여 빠른 조치를 노력하겠습니다. 감사합니다.",kr.perfectree.heydealer,7.78.0
iOS,soddl007,5,중고차 매매,앱 이용시 좋은 가격에 매도가능합니다,2025-10-27 22:36:26,,,980166975,
Android,최진,4,,경매 후 딜러방문의 경우 방문 검차시 내용과 실제 금액의 차이가 크게 나타납니다. 평가사를 통한 검차 후 경매를 진행하는게 더 좋겠습니다.,2025-10-27 22:33:15,1.0,,kr.perfectree.heydealer,7.77.0
Android,정덕현,5,,대박나세요,2025-10-27 21:51:14,0.0,,kr.perfectree.heydealer,7.77.0
Android,이충혁,5,,너무만족합니다~^^,2025-10-27 21:48:47,0.0,,kr.perfectree.heydealer,7.77.0
Android,김수정,5,,좋은가격에 팔수있고 신속 정확합니다,2025-10-27 19:10:59,0.0,,kr.perfectree.heydealer,7.77.0
Android,푸쳐핸섭,5,,재경매 꼭 하세요,2025-10-27 17:16:24,0.0,,kr.perfectree.heydealer,7.77.0
Android,문승일 (알바트로스),5,,이양이면 직접 올려서 진행하시기 바랍니다.,2025-10-27 17:13:01,0.0,,kr.perfectree.heydealer,7.77.0
Android,터프가이월드회장,5,,아주 빠르고 조아요,2025-10-27 16:38:36,0.0,,kr.perfectree.heydealer,7.77.0
Android,박장원,5,,👍,2025-10-27 15:20:31,0.0,,kr.perfectree.heydealer,7.77.0
Android,주르지아TV,5,,굿,2025-10-27 14:41:51,0.0,,kr.perfectree.heydealer,7.77.0
Android,성명식,5,,차량 판매가 간편하고 편리해서 아주좋네요,2025-10-27 11:15:13,0.0,,kr.perfectree.heydealer,7.77.0
iOS,김스탠다드,5,중고차 판매,플랫폼 너무 좋아요 첫거랴 딜러님도 친절하시고 좋았습니더 믿고 거래도 계속 할래요,2025-10-27 00:53:35,,,980166975,
iOS,쥐인111,5,거래 주선 감사합니다.,"제로경매로 하니 감가도 없고 좋네요. 전에 제로로 안하고 그냥 헤이딜러경매로만 했을때는 오신 업자분이 엄청 감가를 때려도 인정상? 그냥 좋은게 좋은거지 하고 넘겼고 다신 헤이딜러 안해야지 했었습니다. 
이번에 제로로 하니 차를 보내는 샤운한 마음도 만회가 되네요. 고생들 하셨고요. 와서 평가해 주신 분도 친절히 잘 설명해 주셔서 전반적으로 다 원만하게 진행되었습니다. 감사합니다.",2025-10-26 23:54:32,,,980166975,
Android,no names,3,,시장가 보단 딜러상사 매입가 기준인것같네요. 주요부품들 올수리 끝낸차량이라 시장가에 팔아도 수리비보다 손해인데 매입가는 시장가에기본 30퍼는 깎나봅니다. 차상태는 반영 안해주는것같아요.,2025-10-26 15:37:25,0.0,"안녕하세요, 헤이딜러 입니다🚙 아쉬운 경험드려 마음이 무겁습니다. 주요 부품 올 수리하며 관리하신 차량이라 속상한 마음이 더 크셨을 것 같습니다.🙏 무척 아쉽게도 헤이딜러 경매는 매매상사에서 매입하는 도매가 기준으로 제시합니다. 경쟁 입찰을 통해 높은 견적으로 입찰하도록 유도하지만, 소매 시세와 차이가 있을 수 있는 점 너른 양해 부탁드립니다. 또한 경매 종료 후 견적 금액이 만족스럽지 않으시다면 재경매를 통해 다시 견적을 받아보실 수 있습니다. 시세와 맞지 않는 견적을 받으셨다면, 확인해볼 수 있도록 헤이딜러 앱 내 채팅으로 알려주실 수 있을까요? 더 만족스러운 서비스 드리기 위해 노력하겠습니다. 죄송합니다.",kr.perfectree.heydealer,7.77.0
Android,광화문백선생,5,,사용하기 굉장히 편리하고 좋습니다,2025-10-26 14:42:43,0.0,,kr.perfectree.heydealer,7.76.0
iOS,무스마76,5,헤이딜러,빠르고 좋네요,2025-10-26 08:04:46,,,980166975,
Android,이숙희,5,,박성훈 대표님과 기분좋은거래 감사합니다~,2025-10-25 16:59:40,0.0,,kr.perfectree.heydealer,7.77.0
Android,심종수,5,,정확하고 만족하는가격에 좋은 매매였어요 넘감사했어요,2025-10-25 16:25:10,0.0,,kr.perfectree.heydealer,7.77.0
Android,강재석,5,,다른 분 보다 잘 나왔으니 좋네요,2025-10-25 12:17:05,0.0,,kr.perfectree.heydealer,7.77.0
Android,H J (HYUNSNX),4,,조아요,2025-10-24 17:10:31,0.0,,kr.perfectree.heydealer,7.77.0
Android,김지영,5,,이렇게 쉽고 편하게 ~짱입니다.,2025-10-24 16:06:32,0.0,,kr.perfectree.heydealer,7.77.0
Android,sungki jung,5,,최고예요,2025-10-24 15:38:33,0.0,,kr.perfectree.heydealer,7.77.0
Android,백미경,5,,처음 이용해봤는데 정말 편하고 좋았어요,2025-10-24 15:19:32,0.0,,kr.perfectree.heydealer,7.77.0
Android,이경록,5,,신속하게처리. 강추합니다,2025-10-24 14:53:43,0.0,,kr.perfectree.heydealer,7.77.0
Android,Dongho Kim,5,,금액 생각보다 진심 잘받았고 예약일정 빠르게 변경 대응해줘서 엄청 편함,2025-10-24 14:47:36,0.0,,kr.perfectree.heydealer,7.77.0
Android,진스테파노,5,,생각보다 쉽고 빠르게 가격도 나쁘지 않게 잘 해주셨습니다. 감사합니다,2025-10-24 11:52:35,0.0,,kr.perfectree.heydealer,7.77.0
Android,김태은,5,,평가부터 입금까지 너무 원활하게 신경 쓸 일 없이 처리됐네요 추천합니다. 고생 많이하고. 주인 잘 못 만나 많이 못달린 쏘나타야 새 주인 만나서 신나게 달리고 댕기렴~~~!!!,2025-10-24 09:56:39,0.0,,kr.perfectree.heydealer,7.77.0
Android,김광수,5,,매우 만족합니다,2025-10-23 15:11:53,0.0,,kr.perfectree.heydealer,7.77.0
Android,김성호,5,,정말 좋아요..^^,2025-10-23 13:34:17,0.0,,kr.perfectree.heydealer,7.77.0
Android,전영환,5,,업무 처리가 신속하고 가격 경쟁력이 있어 너무 좋습니다.,2025-10-23 11:47:18,0.0,,kr.perfectree.heydealer,7.76.0
Android,정문영,5,,처리 깔끔 합니다,2025-10-23 10:22:40,0.0,,kr.perfectree.heydealer,7.77.0
Android,김요환,5,,"차량 평가부터 꼼꼼하게 분석하시고 경매, 인도까지 앱을 통해 안내해주셔서 아주 만족합니다!!! 서류도 아주 간편하고 대금도 조기 송금해주시고 믿고 맡길 수 있는 헤이딜러 강추합니다~~^^",2025-10-23 09:35:18,0.0,,kr.perfectree.heydealer,7.77.0
Android,오미화,5,,"신세계 입니다. 너무 편하고 빠르고 신속하고 일처리 끝내주네요, 다음에 또 이용 허겠습니다. 지인들에게 추천 합니다. 감사 합니다.",2025-10-23 06:13:52,0.0,,kr.perfectree.heydealer,7.77.0
Android,정여원,5,,신속 깔끔,2025-10-22 23:00:24,0.0,,kr.perfectree.heydealer,7.77.0
Android,박정훈,5,,신뢰할 수 있는 중고차 매매 사이트..^^,2025-10-22 22:46:57,0.0,,kr.perfectree.heydealer,7.77.0
Android,소중히여김,5,,처음으로 차를 매도했지만 어려움없이 적당한 가격으로 할수있었습니다. 헤이딜러 매우 신뢰가 갑니다,2025-10-22 22:44:14,0.0,,kr.perfectree.heydealer,7.77.0
iOS,아싸라비우,5,중고차 처분경로로 최고,헤이딜러는 단순하게 몇명의 판매자를 통하지않고 전국의 수많은 딜러에게 자신의 차량을 평가받고 제대로 값을 받아볼수있어 매우 혁신적이고 편한 중고차 처분앱이라고생각합니다. 덕분에 빠르고 간편하게 좋은가격에 차를 정리하여 대단히 고맙습니다. 헤이딜러 쵝오에요,2025-10-22 22:38:50,,,980166975,
Android,매니져,5,,좋은 가격 너무 감사합니다~~^^,2025-10-22 21:40:26,0.0,,kr.perfectree.heydealer,7.76.0
Android,김정길,5,,굿,2025-10-22 18:31:49,0.0,,kr.perfectree.heydealer,7.77.0
Android,tty,5,,"차량 매매 시스템이 쉽고 편리하게 잘 구축되어있고, 더구나 든든한 책임 신뢰 기반 거래 시스템이라 차량 매매시 믿고 든든하게 거래 잘 할 수 있었습니다. 고맙습니다.",2025-10-22 17:57:34,0.0,,kr.perfectree.heydealer,7.77.0
Android,김양균,5,,헤이딜러를 통해 너무 좋은 거래를 했습니다,2025-10-22 12:11:39,0.0,,kr.perfectree.heydealer,7.77.0
Android,한성원,4,,일단 쉽습니다,2025-10-22 09:54:40,0.0,,kr.perfectree.heydealer,7.77.0
Android,갈종갑,5,,자세한설명과 차매매가 원할히 이루어져서 순조럽게 차량을 인도되어 좋았습니다,2025-10-21 23:46:21,0.0,,kr.perfectree.heydealer,7.77.0
Android,이원용,5,,다음에도 부탁드려요,2025-10-21 19:06:50,0.0,,kr.perfectree.heydealer,7.77.0
Android,노필호,5,,자동차출장검수부터 탁송판매까지 완벽합니다 너무깔끔해요,2025-10-21 09:07:21,0.0,,kr.perfectree.heydealer,7.76.0
Android,전범철,5,,좋은 가격에 깔끔히 비대면으로 거래가 되어 좋았습니다,2025-10-21 08:42:15,0.0,,kr.perfectree.heydealer,7.77.0
iOS,Catsle66,5,합리적구매와매도,"신속정확한평가신뢰성있는거래
너무좋은 앱",2025-10-21 06:53:41,,,980166975,
iOS,zinsmac,5,좋으네,요,2025-10-21 02:10:16,,,980166975,
iOS,경훈스,5,Good!!!,Very Good,2025-10-20 23:55:16,,,980166975,
iOS,살로몬박,5,헤이딜러 나에 걱정을 날려버리다…,자동차 직접 판매는 처음이라 걱정 했지만 헤이딜러가 모든 문제를 해결해줫어요. 다음에도 헤이딜러로 할게요.,2025-10-20 23:33:43,,,980166975,
iOS,kwontoday,5,어우,좋은데?,2025-10-20 20:49:27,,,980166975,
iOS,깔롱드,1,판매,말도 안되는 금액찍고와서 감가 때려버리는데 이게맞나요??높은금액에 사람 혹하게하고 제로로하면 경매랑 2-300만원 차이나고 처음부터 금액을 합당하게 넣어야되는거 아닌가요??그래놓고 헤이딜러 감가없게 좋은거래 했다고 별점 좋게해달라고 하네요 내차 평균 시세도 견적받아보면 다르고 금액이 높으면 감가걱정부터합니다 이렇게 악용하는걸 방지 좀 부탁드려요,2025-10-20 19:36:50,,,980166975,
Android,4455jini,5,,빠른 거래 성사,2025-10-20 19:19:35,0.0,,kr.perfectree.heydealer,7.76.0
Android,신우송,5,,좋아요...굳굳굳,2025-10-20 18:44:37,0.0,,kr.perfectree.heydealer,7.76.0
Android,그림맨,5,,아주 좋아요,2025-10-20 16:24:44,0.0,,kr.perfectree.heydealer,7.76.0
Android,gksckd,5,,공개 칭찬합니다,2025-10-20 11:09:18,0.0,,kr.perfectree.heydealer,7.76.0
iOS,찐제로,5,앱 사용 만족입니다,다음에 차 살 때 또 해보려구요,2025-10-20 03:10:55,,,980166975,
Android,김영철,5,,중고차 거래는 최고입니다 딜러분들이 많이참석하여주셔서 가격을 생각한게 이루어집니다 감사합니다,2025-10-19 14:34:57,0.0,,kr.perfectree.heydealer,7.76.0
Android,김정수,5,,오랜 친구 좋은가격에 잘보내줬습니다,2025-10-19 12:20:44,0.0,,kr.perfectree.heydealer,7.76.0
Android,이충희,5,,완벽합니다. 감사합니다,2025-10-18 17:23:51,0.0,,kr.perfectree.heydealer,7.76.0
Android,조정임,5,,굿 초이스 굿 굿이요~~^^,2025-10-17 20:19:43,0.0,,kr.perfectree.heydealer,7.76.0
Android,김은수,5,,적극 추천하고 싶습니다.,2025-10-17 19:55:51,0.0,,kr.perfectree.heydealer,7.76.0
Android,성중보,5,,중고차거래 최고 입니다,2025-10-17 18:44:43,0.0,,kr.perfectree.heydealer,7.76.0
iOS,제니시스87,5,앱사용후기,"처음해 보았는데
너무 쓰기좋았어요
디테일이. 넘. 맘에듭니다
감사합니다^^",2025-10-16 03:05:04,,,980166975,
iOS,Dressupco,5,무조건 헤이딜러 최고입니다~^^,긴말필요없습니다 경험해본 제가 자신있게말씀드립니다 타던차 판매는 헤이딜러네요 거래하는서로간에신뢰가 뭔지 느낄수있는 기분좋은 곳입니다 감히 저를비롯한 지인들에게 자신있게 권할수있는 그런 앱입니다^^,2025-10-16 00:25:38,,,980166975,
iOS,부속시대,5,완전만족합니다,"차를 팔기전 차에대한 꼼꼼한 검수와 
현제 차량 상태를 친절하게 설명해주셨습니다
경매부터 탁송까지 정말 깔끔하게 진행되어서 만족했습니다👍👍",2025-10-14 06:31:56,,,980166975,
iOS,다팔래,5,굿!!!,좋은가격에 잘 판매했어요!!,2025-10-14 04:22:20,,,980166975,
iOS,리니지2314,5,차 팔때 헤이딜러,정말 편하게 좋은 가격으로 판매할 수 있습니다,2025-10-13 01:55:07,,,980166975,
iOS,클로버3,5,처음 해보지만 어렵지 않았어요.,"세상이 좋아졌네요. 차를 폰으로 팔고, 사고 한다니요. 친구가 추천해서 헤이딜러를 알게 되었고, 오래된 차를 보냈는데요. 여러 딜러분들이 있어서 비교할 수 있고, 시스템이 잘 정리되어 있어서 초보자인 저도 어렵지 않게 이용할 수 있었습니다.",2025-10-11 07:30:20,,,980166975,
iOS,로에베,5,좋은 거래 입니다,많은 분들이 오셔서 유막인지 엄청 찍어보시는데  그게좀 아쉽네요 ㅠㅠ,2025-10-10 04:01:15,,,980166975,
iOS,피카파카,5,편리하게 사용가능해요,"앱을 너무나 쉽게 사용할수 있게 개발 해 주시고, 바로바로 업데이트하여 보여주셔서 좋았어요",2025-10-10 03:21:37,,,980166975,
iOS,지우수연,5,신속정직,유튜브 보다나의의견은 좋아요,2025-10-10 03:02:14,,,980166975,
iOS,람보르th,5,첫거래,처음으로 내차파기를 했는데 너무나 좋은 거래였습니다,2025-10-09 01:38:09,,,980166975,
iOS,문어왕발잉,5,성공적인 판매,신속 정확하게 감가없이 판매 잘 하였습니다👍,2025-10-04 15:04:26,,,980166975,
iOS,Young8e,5,헤이딜러 판매후기,깔끔한 진행이 좋았습니다,2025-10-04 08:32:28,,,980166975,
iOS,뽕츠,5,중고차 매매,정직하고 믿을수있는 중고차 매매 헤이딜러~👍,2025-10-02 05:58:39,,,980166975,
iOS,redhuk,1,.,.,2025-10-02 00:22:43,,,980166975,
iOS,조catch,5,헤이딜러 쵝오👍,"헤이딜러 앱으로 너무도 편하게 차량 매각 잘하게 되었어요
즉각적인 업무처리.
약속시간. 공정한 심사. 딜가격제시까지
정말 마음에 쏘옥! 들게 거래해주셨어요
감사드려요💜",2025-10-01 02:42:11,,,980166975,
iOS,새로운후니,5,중고차 매매는 헤이딜러,넘 좋아요. 편해요 빨라요 걱정 없어요 깔끔해요,2025-09-30 23:21:48,,,980166975,
iOS,카프리굿,5,편리하고 고마운 앱,반신반의했는데 이용해보니 너무 편리하고 체계적이네요,2025-09-30 16:02:52,,,980166975,
